class_name	shard_count	total_lines	overlay	has_header	already_promoted	blockers	sibling_oracle	promotion_route
# HOW TO READ THIS FILE. Rows whose first field starts with '#' are notes;
# tools/classqueue.py skips them. Re-derive the data rows with:
#     python tools/rtti_extract.py && python tools/tu_map.py --out build/tu_map.json
#     python tools/queue_audit.py --write        (needs the ROM dump; --help for the method)
# CI runs --check-promoted, which audits already_promoted ONLY. The other columns need
# build/rtti.json and build/tu_map.json, both derived from the cartridge dump, so no
# runner can check them. A green CI run says nothing about shard_count or any blocker.
#
# shard_count is a FLOOR, not a figure. It counts distinct src/ files covering the TU's
# ROM run as tools/tu_map.py cuts it, extended over zero-gap <Class>_classInit factories
# tu_map cannot label because it cuts on symbol NAME. Any OTHER unlabelled neighbour is
# still uncounted. Trust `tubuild.py inspect` over this column.
# compiler-only:>=N is DERIVED from the row's own ancestor chain, not copied from
# sibling_oracle -- that copy had no depth check and was wrong in both directions.
# Calibrated on all 108 promoted manifests: exact 45 times, an UNDER-count 37 times, and
# never an over-count on the text-only route; 3 lower on intact-object (16/16). It does
# NOT apply when the key function falls outside the licensed range -- then the real count
# is 0, measured on dScMgBase_c, dScMgHanachan_c and dScMgBomroom_c -- and every Vector3
# the TU odr-uses, function locals included, adds a row the chain cannot predict.
# pragma:N IS NOT A BLOCKER. It counts shards in the run carrying a #pragma line, nothing
# more. '#pragma defer_codegen off' makes positional brackets bind and took dScMgHanachan_c
# from 22/61 to 49/61 (PR #2309), at the cost of rewriting the TU ROM-ascending in the same
# edit. A pragma count means something only after a DELETE-OUTRIGHT control shows the bytes
# move: dScMgRoulette_c's pragmas were inert and it scored 40/40 with them deleted.
# unmatched:N        delink entries in the run with no 'complete' marker.
#                    The NAME MISLEADS: this is a LINK condition, not a matching one.
#                    Measured on ov066/Eyerok all six byte-MATCHed; they lack the marker
#                    because they reference cross-overlay addresses under names no
#                    symbols.txt gives, so dsd drops them from the link.
# no-legacy-source:N functions with no delinks entry AND no src/<symbol>.c[pp] at all. The
#                    cartridge's own bytes cover them, and a licensed claim cannot have a
#                    hole, so such a run can only be taken as one of its two contiguous
#                    sides. A function that HAS a src/ file but no delinks entry is NOT
#                    sourceless: that is not-in-delinks, a milder and separate condition.
# already_promoted   every named class has a config/tu_manifest.d entry reading
#                    status: promoted. Goes stale on every promotion; re-derive, never edit.
# sibling_oracle is a SHAPE reference only. Copying its counts is what made this file wrong.
dMg3DEspAnimSet_c+dMg3DEspModel_c+dScMg3DEsp_c	68	1844	ov006	yes	no	pragma:8;multi-class-tu:3;compiler-only:>=13(derived from own chain: 6 classes incl. self via build/rtti.json; floor 2x6+1; excludes 2 unresolved: dMg3DEspAnimSet_c,dMg3DEspModel_c)	dScMgSingle3DBase_c	text-only
dMgJump3DMario_c	1	844	ov006	yes	yes	compiler-only:>=5(derived from own chain: 2 classes incl. self via build/rtti.json; floor 2x2+1)	dScMgSingle3DBase_c	text-only
dScMgD3DBase_c	1	835	ov006	yes	yes	compiler-only:>=11(derived from own chain: 5 classes incl. self via build/rtti.json; floor 2x5+1)	dScMgSingle3DBase_c	text-only
daMky_c	3	2381	ov030	yes	yes	pragma:1;compiler-only:>=9(derived from own chain: 4 classes incl. self via build/rtti.json; floor 2x4+1)	-	text-only
da1up_c	1	1228	ov002	yes	yes	compiler-only:>=11(derived from own chain: 5 classes incl. self via build/rtti.json; floor 2x5+1)	daBar_c	text-only
daOts_c	1	885	ov064	yes	yes	compiler-only:>=11(derived from own chain: 5 classes incl. self via build/rtti.json; floor 2x5+1)	daObjFl_Gura_c	text-only
Scuttlebug	3	1059	ov071	yes	yes	compiler-only:>=9(derived from own chain: 4 classes incl. self via build/rtti.json + include/ base clause; floor 2x4+1)	daEyBm_c	text-only
MrBlizzard	34	1352	ov081	yes	no	compiler-only:>=11(derived from own chain: 5 classes incl. self via build/rtti.json + include/ base clause; floor 2x5+1)	-	text-only
daSanbo_c	1	1129	ov096	yes	yes	compiler-only:>=9(derived from own chain: 4 classes incl. self via build/rtti.json; floor 2x4+1)	-	text-only
daBmb_c	1	1546	ov102	yes	yes	compiler-only:>=11(derived from own chain: 5 classes incl. self via build/rtti.json; floor 2x5+1)	-	text-only
dBgActor_c	1	272	ov002	yes	yes	compiler-only:>=9(derived from own chain: 4 classes incl. self via build/rtti.json; floor 2x4+1)	daBar_c	text-only
BabyPenguin	31	840	ov072	yes	no	intact-object(owns non-text data at natural address; see sibling daBgSnwmn_c);compiler-only:>=6(derived from own chain: 4 classes incl. self via build/rtti.json + include/ base clause; floor 2x4+1-3 intact-object)	daBgSnwmn_c	intact-object
daPgDfdr_c	1	336	ov027	yes	yes	compiler-only:>=11(derived from own chain: 5 classes incl. self via build/rtti.json; floor 2x5+1)	daIDonketu_c	text-only
daMip_c	1	1868	ov085	yes	yes	compiler-only:>=11(derived from own chain: 5 classes incl. self via build/rtti.json; floor 2x5+1)	-	text-only
UnknownVsEntry+UnknownVsPlayer	43	1157	ov075	partial	no	multi-class-tu:2;compiler-only:>=7(derived from own chain: 3 classes incl. self via build/rtti.json + include/ base clause; floor 2x3+1; excludes 1 unresolved: UnknownVsPlayer)	-	text-only
daObjFloatBoard_c	3	287	ov002	yes	yes	compiler-only:>=11(derived from own chain: 5 classes incl. self via build/rtti.json; floor 2x5+1)	daBar_c	text-only
daBgSnmBdy_c	1	622	ov072	yes	yes	intact-object(owns non-text data at natural address; see sibling daBgSnwmn_c);compiler-only:>=6(derived from own chain: 4 classes incl. self via build/rtti.json; floor 2x4+1-3 intact-object)	daBgSnwmn_c	intact-object
daObjBk_Dossunbar_c	1	340	ov015	yes	yes	compiler-only:>=11(derived from own chain: 5 classes incl. self via build/rtti.json; floor 2x5+1)	daObjBkBillboard_c	text-only
daObjDorifu_c	6	254	ov002	yes	yes	compiler-only:>=11(derived from own chain: 5 classes incl. self via build/rtti.json; floor 2x5+1)	daBar_c	text-only
daObjGuragura_c	6	181	ov002	yes	yes	compiler-only:>=11(derived from own chain: 5 classes incl. self via build/rtti.json; floor 2x5+1)	daBar_c	text-only
daObjKurumajiku_c	3	167	ov002	yes	yes	compiler-only:>=11(derived from own chain: 5 classes incl. self via build/rtti.json; floor 2x5+1)	daBar_c	text-only
daObjFallBlock_c	3	566	ov098	yes	yes	compiler-only:>=11(derived from own chain: 5 classes incl. self via build/rtti.json; floor 2x5+1)	daObjYajirusi_c	text-only
daObjUkiyuka_c	5	140	ov002	yes	yes	compiler-only:>=11(derived from own chain: 5 classes incl. self via build/rtti.json; floor 2x5+1)	daBar_c	text-only
daObjKaitendai_c	3	253	ov002	yes	yes	compiler-only:>=11(derived from own chain: 5 classes incl. self via build/rtti.json; floor 2x5+1)	daBar_c	text-only
daObjKuruma_c	5	120	ov002	yes	yes	compiler-only:>=11(derived from own chain: 5 classes incl. self via build/rtti.json; floor 2x5+1)	daBar_c	text-only
daObjSwitch_c	1	418	ov002	yes	yes	compiler-only:>=11(derived from own chain: 5 classes incl. self via build/rtti.json + include/ base clause; floor 2x5+1)	daBar_c	text-only
daJango_c	1	1196	ov062	yes	yes	compiler-only:>=11(derived from own chain: 5 classes incl. self via build/rtti.json + include/ base clause; floor 2x5+1)	daHolhei_c	text-only
daObjCtMecha04_c	1	307	ov065	yes	yes	compiler-only:>=11(derived from own chain: 5 classes incl. self via build/rtti.json; floor 2x5+1)	daObjCtMecha05_c	text-only
dCapEnemy_c	2	40	ov002	yes	no	compiler-only:>=11(derived from own chain: 5 classes incl. self via build/rtti.json; floor 2x5+1)	daBar_c	text-only
daObjSwdoor_c	4	102	ov002	yes	yes	compiler-only:>=11(derived from own chain: 5 classes incl. self via build/rtti.json; floor 2x5+1)	daBar_c	text-only
dMeter_c	19	1364	ov002	yes	yes	compiler-only:>=7(derived from own chain: 3 classes incl. self via build/rtti.json + include/ base clause; floor 2x3+1)	daBar_c	text-only
BowserFire	26	781	ov060	yes	no	compiler-only:>=11(derived from own chain: 5 classes incl. self via build/rtti.json + include/ base clause; floor 2x5+1)	-	text-only
daObjCtMecha03_c	1	253	ov065	yes	yes	compiler-only:>=11(derived from own chain: 5 classes incl. self via build/rtti.json; floor 2x5+1)	daObjCtMecha05_c	text-only
daKing_Donketu_c	46	1993	ov073	yes	yes	pragma:2;compiler-only:>=11(derived from own chain: 5 classes incl. self via build/rtti.json + include/ base clause; floor 2x5+1)	-	text-only
daDsnBase_c	3	444	ov091	yes	yes	compiler-only:>=11(derived from own chain: 5 classes incl. self via build/rtti.json; floor 2x5+1)	-	text-only
PowerFlower	18	508	ov002	yes	no	compiler-only:>=9(derived from own chain: 4 classes incl. self via build/rtti.json + include/ base clause; floor 2x4+1)	daBar_c	text-only
daYurei_Mucho_c	1	746	ov065	yes	yes	compiler-only:>=11(derived from own chain: 5 classes incl. self via build/rtti.json; floor 2x5+1)	daObjCtMecha05_c	text-only
daDgr_c	1	392	ov025	yes	yes	compiler-only:>=11(derived from own chain: 5 classes incl. self via build/rtti.json; floor 2x5+1)	-	text-only
daBasabasa_c	21	676	ov065	yes	yes	compiler-only:>=11(derived from own chain: 5 classes incl. self via build/rtti.json + include/ base clause; floor 2x5+1)	daObjCtMecha05_c	text-only
dScTitle_c	1	350	ov003	yes	yes	compiler-only:>=9(derived from own chain: 4 classes incl. self via build/rtti.json; floor 2x4+1)	-	text-only
daDkk_c	1	284	ov025	yes	yes	compiler-only:>=13(derived from own chain: 6 classes incl. self via build/rtti.json; floor 2x6+1)	-	text-only
daObjWlPolelift_c	1	265	ov026	yes	yes	compiler-only:>=9(derived from own chain: 4 classes incl. self via build/rtti.json; floor 2x4+1)	-	text-only
daPkn_c	1	961	ov084	yes	yes	compiler-only:>=11(derived from own chain: 5 classes incl. self via build/rtti.json; floor 2x5+1)	-	text-only
KoopaShell	23	708	ov102	yes	no	compiler-only:>=11(derived from own chain: 5 classes incl. self via build/rtti.json + include/ base clause; floor 2x5+1)	-	text-only
Player+dMgTrmpln2Mario_c+dMgTrmpln3DMario_c	88	3160	ov006	partial	no	pragma:2;multi-class-tu:3;classif:no-header:dMgTrmpln2Mario_c;classif:no-header:dMgTrmpln3DMario_c;compiler-only:>=19(derived from own chain: 8 classes incl. self via build/rtti.json + include/ base clause; floor 2x8+3)	dScMgSingle3DBase_c	text-only
dScMgSlot1_c	1	64	ov006	yes	yes	already-one-legacy-file:src/actors/MgBingoBallSlotsShot.cpp(needs manifest registration, not a shard merge);compiler-only:>=11(derived from own chain: 5 classes incl. self via build/rtti.json; floor 2x5+1)	dScMgSingle3DBase_c	text-only
daObjHmBskt_c	1	177	ov030	yes	yes	compiler-only:>=11(derived from own chain: 5 classes incl. self via build/rtti.json; floor 2x5+1)	-	text-only
BobOmbBuddy	22	734	ov084	yes	no	compiler-only:>=9(derived from own chain: 4 classes incl. self via build/rtti.json + include/ base clause; floor 2x4+1)	-	text-only
daOnms_c	22	687	ov092	yes	yes	compiler-only:>=11(derived from own chain: 5 classes incl. self via build/rtti.json + include/ base clause; floor 2x5+1)	-	text-only
daObjBlockL_c	14	592	ov002	yes	yes	compiler-only:>=11(derived from own chain: 5 classes incl. self via build/rtti.json + include/ base clause; floor 2x5+1)	daBar_c	text-only
Koopa	1	1434	ov062	yes	yes	compiler-only:>=11(derived from own chain: 5 classes incl. self via build/rtti.json; floor 2x5+1)	daHolhei_c	text-only
daObjMaruta_c	3	361	ov080	yes	yes	compiler-only:>=11(derived from own chain: 5 classes incl. self via build/rtti.json; floor 2x5+1)	-	text-only
daOwl_c	21	682	ov094	yes	yes	compiler-only:>=11(derived from own chain: 5 classes incl. self via build/rtti.json + include/ base clause; floor 2x5+1)	-	text-only
daBgSnmHed_c	19	396	ov072	yes	yes	intact-object(owns non-text data at natural address; see sibling daBgSnwmn_c);compiler-only:>=6(derived from own chain: 4 classes incl. self via build/rtti.json + include/ base clause; floor 2x4+1-3 intact-object)	daBgSnwmn_c	intact-object
daStarGate_c	1	456	ov100	yes	yes	compiler-only:>=9(derived from own chain: 4 classes incl. self via build/rtti.json; floor 2x4+1)	daObjPathLift_c	text-only
daBttBk_c	20	458	ov080	yes	yes	compiler-only:>=9(derived from own chain: 4 classes incl. self via build/rtti.json + include/ base clause; floor 2x4+1)	-	text-only
Fwoosh	19	544	ov091	yes	no	compiler-only:>=11(derived from own chain: 5 classes incl. self via build/rtti.json + include/ base clause; floor 2x5+1)	-	text-only
daFPkn_c	18	982	ov084	yes	yes	compiler-only:>=11(derived from own chain: 5 classes incl. self via build/rtti.json + include/ base clause; floor 2x5+1)	-	text-only
daObjBlockItemTag_c	10	213	ov002	yes	yes	compiler-only:>=9(derived from own chain: 4 classes incl. self via build/rtti.json + include/ base clause; floor 2x4+1)	daBar_c	text-only
dM3dGLin	2	27	ov002	yes	yes	compiler-only:>=3(derived from own chain: 1 classes incl. self via build/rtti.json; floor 2x1+1)	daBar_c	text-only
daObjBlockS_c	36	1426	ov098	yes	yes	pragma:1;compiler-only:>=11(derived from own chain: 5 classes incl. self via build/rtti.json + include/ base clause; floor 2x5+1)	daObjYajirusi_c	text-only
UnchainedChomp+daIbl_c	17	713	ov100	partial	no	multi-class-tu:2;classif:no-header:daIbl_c;compiler-only:>=14(derived from own chain: 6 classes incl. self via build/rtti.json + include/ base clause; floor 2x6+2)	daObjPathLift_c	text-only
dThIcon_c	2	35	ov001	yes	yes	compiler-only:>=3(derived from own chain: 1 classes incl. self via build/rtti.json; floor 2x1+1)	-	text-only
Fireball	9	433	ov002	yes	no	compiler-only:>=11(derived from own chain: 5 classes incl. self via build/rtti.json + include/ base clause; floor 2x5+1)	daBar_c	text-only
daObjTbox_c	15	322	ov064	yes	yes	compiler-only:>=9(derived from own chain: 4 classes incl. self via build/rtti.json + include/ base clause; floor 2x4+1)	daObjFl_Gura_c	text-only
daObjEwbIce_c	16	355	ov073	yes	yes	compiler-only:>=11(derived from own chain: 5 classes incl. self via build/rtti.json + include/ base clause; floor 2x5+1)	-	text-only
Coin	28	1148	ov002	yes	no	pragma:1;compiler-only:>=9(derived from own chain: 4 classes incl. self via build/rtti.json + include/ base clause; floor 2x4+1)	daBar_c	text-only
dMgPsOpt_c	11	343	ov004	yes	yes	compiler-only:unknown(no chain for dMgPsOpt_c: no RTTI record in build/rtti.json and no include/ base clause; measure with tubuild verify)	dScMgBase_c	text-only
daWater_Ring_c	14	365	ov064	yes	no	compiler-only:>=11(derived from own chain: 5 classes incl. self via build/rtti.json + include/ base clause; floor 2x5+1)	daObjFl_Gura_c	text-only
daObjBk_Lift_c	9	301	ov015	yes	yes	compiler-only:>=11(derived from own chain: 5 classes incl. self via build/rtti.json; floor 2x5+1)	daObjBkBillboard_c	text-only
daObjHatenaBlock_c	1	1342	ov102	yes	yes	compiler-only:>=11(derived from own chain: 5 classes incl. self via build/rtti.json; floor 2x5+1)	-	text-only
daObjRc_Tikuwa_c	7	174	ov036	yes	yes	compiler-only:>=11(derived from own chain: 5 classes incl. self via build/rtti.json + include/ base clause; floor 2x5+1)	daObjRcBuranko_c	text-only
daBbl_c	13	276	ov064	yes	yes	compiler-only:>=11(derived from own chain: 5 classes incl. self via build/rtti.json + include/ base clause; floor 2x5+1)	daObjFl_Gura_c	text-only
daObjCasket_c	13	288	ov071	yes	yes	compiler-only:>=11(derived from own chain: 5 classes incl. self via build/rtti.json + include/ base clause; floor 2x5+1)	daEyBm_c	text-only
daWbm_c	13	474	ov098	yes	yes	compiler-only:>=11(derived from own chain: 5 classes incl. self via build/rtti.json + include/ base clause; floor 2x5+1)	daObjYajirusi_c	text-only
daObj_Mip_Key_c	1	360	ov085	yes	yes	compiler-only:>=11(derived from own chain: 5 classes incl. self via build/rtti.json; floor 2x5+1)	-	text-only
daPukupuku_c	14	316	ov090	yes	yes	compiler-only:>=11(derived from own chain: 5 classes incl. self via build/rtti.json + include/ base clause; floor 2x5+1)	-	text-only
daObjFire_c	1	154	ov002	yes	yes	compiler-only:>=9(derived from own chain: 4 classes incl. self via build/rtti.json; floor 2x4+1)	daBar_c	text-only
BookShot+BookShotSpawner	27	913	ov020	yes	no	multi-class-tu:2;compiler-only:>=14(derived from own chain: 6 classes incl. self via build/rtti.json + include/ base clause; floor 2x6+2)	daChair_c	text-only
daGrock_c	12	474	ov021	yes	yes	compiler-only:>=11(derived from own chain: 5 classes incl. self via build/rtti.json + include/ base clause; floor 2x5+1)	daObjCvShutter_c	text-only
daObjKm2_Nobiru_c	9	136	ov045	yes	yes	compiler-only:>=9(derived from own chain: 4 classes incl. self via build/rtti.json + include/ base clause; floor 2x4+1)	daObjKm2_Ami_Bou_c	text-only
daCnn_c	12	483	ov098	yes	yes	compiler-only:>=9(derived from own chain: 4 classes incl. self via build/rtti.json + include/ base clause; floor 2x4+1)	daObjYajirusi_c	text-only
Whirlpool	13	384	ov026	yes	no	compiler-only:>=11(derived from own chain: 5 classes incl. self via build/rtti.json + include/ base clause; floor 2x5+1)	-	text-only
Stage	2	142	ov002	yes	no	compiler-only:>=9(derived from own chain: 4 classes incl. self via build/rtti.json + include/ base clause; floor 2x4+1)	daBar_c	text-only
daObjSm_Lift_c	8	321	ov018	yes	yes	compiler-only:>=11(derived from own chain: 5 classes incl. self via build/rtti.json + include/ base clause; floor 2x5+1)	daPgMthr_c	text-only
MetalNetLift	11	306	ov064	yes	no	compiler-only:>=11(derived from own chain: 5 classes incl. self via build/rtti.json + include/ base clause; floor 2x5+1)	daObjFl_Gura_c	text-only
daWater_Suikomi_c	13	171	ov026	partial	yes	multi-class-tu:2;classif:no-header:daWater_Tatumaki_c;compiler-only:>=14(derived from own chain: 6 classes incl. self via build/rtti.json + include/ base clause; floor 2x6+2)	-	text-only
daObjCtRotateBlock_c	9	308	ov065	yes	yes	compiler-only:>=11(derived from own chain: 5 classes incl. self via build/rtti.json + include/ base clause; floor 2x5+1)	daObjCtMecha05_c	text-only
daHuwa_c	12	422	ov081	yes	yes	compiler-only:>=11(derived from own chain: 5 classes incl. self via build/rtti.json + include/ base clause; floor 2x5+1)	-	text-only
daSnowball_c+daSnowman_c	13	290	ov081	partial	no	multi-class-tu:2;classif:no-header:daSnowman_c;compiler-only:>=14(derived from own chain: 6 classes incl. self via build/rtti.json + include/ base clause; floor 2x6+2)	-	text-only
daManta_c+daMenbo_c	13	508	ov090	partial	yes	multi-class-tu:2;compiler-only:>=14(derived from own chain: 6 classes incl. self via build/rtti.json + include/ base clause; floor 2x6+2)	-	text-only
daShark_c+daPukupuku_c	13	323	ov090	partial	yes	multi-class-tu:2;classif:no-header:daPukupuku_c;compiler-only:>=14(derived from own chain: 6 classes incl. self via build/rtti.json + include/ base clause; floor 2x6+2)	-	text-only
daObjLava_c+daObjLava_c	1	88	ov002	partial	yes	multi-class-tu:2;compiler-only:>=10(derived from own chain: 4 classes incl. self via build/rtti.json; floor 2x4+2)	daBar_c	text-only
StarCamera	1	10	ov002	no	no	compiler-only:unknown(no chain for StarCamera: no RTTI record in build/rtti.json and no include/ base clause; measure with tubuild verify)	daBar_c	text-only
daDonketu_c	10	234	ov064	yes	yes	compiler-only:>=13(derived from own chain: 6 classes incl. self via build/rtti.json + include/ base clause; floor 2x6+1)	daObjFl_Gura_c	text-only
daLuigi_c	11	276	ov055	yes	yes	compiler-only:>=9(derived from own chain: 4 classes incl. self via build/rtti.json + include/ base clause; floor 2x4+1)	-	text-only
RotatingUpDownPlatformUtm	11	549	ov091	yes	no	compiler-only:>=11(derived from own chain: 5 classes incl. self via build/rtti.json + include/ base clause; floor 2x5+1)	-	text-only
daLinelift2_c	11	316	ov091	yes	yes	compiler-only:>=11(derived from own chain: 5 classes incl. self via build/rtti.json + include/ base clause; floor 2x5+1)	-	text-only
daUdlift_c	11	347	ov095	yes	yes	compiler-only:>=11(derived from own chain: 5 classes incl. self via build/rtti.json + include/ base clause; floor 2x5+1)	-	text-only
daObj_volcanoCannon_c+daObjFlMaruta_c	11	203	ov022	partial	yes	multi-class-tu:2;classif:no-header:daObjFlMaruta_c;compiler-only:>=16(derived from own chain: 7 classes incl. self via build/rtti.json; floor 2x7+2)	daObjFl_Fall_Block_c	text-only
daObjKm2_Agaru_c	6	168	ov045	yes	yes	compiler-only:>=11(derived from own chain: 5 classes incl. self via build/rtti.json + include/ base clause; floor 2x5+1)	daObjKm2_Ami_Bou_c	text-only
daObjPile_c	10	286	ov091	yes	yes	compiler-only:>=11(derived from own chain: 5 classes incl. self via build/rtti.json + include/ base clause; floor 2x5+1)	-	text-only
MontyMole+MontyMoleRock	24	854	ov080	yes	no	multi-class-tu:2;compiler-only:>=14(derived from own chain: 6 classes incl. self via build/rtti.json + include/ base clause; floor 2x6+2)	-	text-only
IceBlock	9	318	ov081	yes	no	compiler-only:>=11(derived from own chain: 5 classes incl. self via build/rtti.json + include/ base clause; floor 2x5+1)	-	text-only
dMgState_c	4	91	ov004	yes	no	intact-object:blocked(TU owns two function-local bss statics; text-only isolate_many and compiler-only deadstrip re-import both refuse, intact-object links and reproduces the ROM but needs a storage alias rombuild does not support; see the manifest notes)	dScMgBase_c	text-only
daObjClock_c	1	208	ov013	yes	yes	compiler-only:>=9(derived from own chain: 4 classes incl. self via build/rtti.json; floor 2x4+1)	daObjClockHuriko_c	text-only
daObjKi_Fune_c	9	170	ov016	yes	yes	compiler-only:>=11(derived from own chain: 5 classes incl. self via build/rtti.json; floor 2x5+1)	daObjKi_Ita_c	text-only
daSlide_Box_c	7	189	ov016	yes	yes	compiler-only:>=11(derived from own chain: 5 classes incl. self via build/rtti.json + include/ base clause; floor 2x5+1)	daObjKi_Ita_c	text-only
daObjFl_London_c	1	168	ov022	yes	yes	compiler-only:>=11(derived from own chain: 5 classes incl. self via build/rtti.json; floor 2x5+1)	daObjFl_Fall_Block_c	text-only
daObjFl_Seesaw_c	7	147	ov022	yes	yes	compiler-only:>=11(derived from own chain: 5 classes incl. self via build/rtti.json + include/ base clause; floor 2x5+1)	daObjFl_Fall_Block_c	text-only
daObjSlIceBlock_c	7	189	ov027	yes	yes	compiler-only:>=11(derived from own chain: 5 classes incl. self via build/rtti.json + include/ base clause; floor 2x5+1)	daIDonketu_c	text-only
RickshawBdw	4	79	ov043	yes	no	compiler-only:unknown(no chain for RickshawBdw: no RTTI record in build/rtti.json and no include/ base clause; measure with tubuild verify)	daObjKm1_Ukishima_c	text-only
daObjKm2_Ukishima_c	1	90	ov045	yes	yes	compiler-only:>=13(derived from own chain: 6 classes incl. self via build/rtti.json; floor 2x6+1)	daObjKm2_Ami_Bou_c	text-only
daBDonketu_c	7	207	ov064	yes	yes	compiler-only:>=13(derived from own chain: 6 classes incl. self via build/rtti.json + include/ base clause; floor 2x6+1)	daObjFl_Gura_c	text-only
daObjShell_c	7	221	ov064	yes	yes	compiler-only:>=9(derived from own chain: 4 classes incl. self via build/rtti.json + include/ base clause; floor 2x4+1)	daObjFl_Gura_c	text-only
daObjDpBrock_c	8	176	ov025	yes	yes	compiler-only:>=11(derived from own chain: 5 classes incl. self via build/rtti.json + include/ base clause; floor 2x5+1)	-	text-only
daObjCtMecha11_c	8	186	ov035	yes	yes	compiler-only:>=11(derived from own chain: 5 classes incl. self via build/rtti.json + include/ base clause; floor 2x5+1)	-	text-only
daObjBkKillerdai_c	8	261	ov079	yes	yes	compiler-only:>=11(derived from own chain: 5 classes incl. self via build/rtti.json + include/ base clause; floor 2x5+1)	-	text-only
daObjBk_Kabe_c	8	210	ov079	yes	yes	compiler-only:>=11(derived from own chain: 5 classes incl. self via build/rtti.json + include/ base clause; floor 2x5+1)	-	text-only
daObjFl_Ring_c	6	210	ov022	yes	yes	compiler-only:>=11(derived from own chain: 5 classes incl. self via build/rtti.json + include/ base clause; floor 2x5+1)	daObjFl_Fall_Block_c	text-only
daObjFl_Block_c	6	131	ov022	yes	yes	compiler-only:>=11(derived from own chain: 5 classes incl. self via build/rtti.json + include/ base clause; floor 2x5+1)	daObjFl_Fall_Block_c	text-only
daObjFl_UkiKi_c	7	136	ov022	yes	yes	compiler-only:>=11(derived from own chain: 5 classes incl. self via build/rtti.json; floor 2x5+1)	daObjFl_Fall_Block_c	text-only
daObjEmmYuka_c	6	165	ov052	yes	yes	compiler-only:>=11(derived from own chain: 5 classes incl. self via build/rtti.json + include/ base clause; floor 2x5+1)	daObjEmmLog_c	text-only
BowserPuzzleManager+BowserPuzzlePiece	21	391	ov064	yes	no	multi-class-tu:2;compiler-only:>=14(derived from own chain: 6 classes incl. self via build/rtti.json + include/ base clause; floor 2x6+2)	daObjFl_Gura_c	text-only
daObjTtFuta_c	7	128	ov033	yes	yes	compiler-only:>=11(derived from own chain: 5 classes incl. self via build/rtti.json + include/ base clause; floor 2x5+1)	-	text-only
daObjFlMaruta_c	5	70	ov022	yes	yes	compiler-only:>=13(derived from own chain: 6 classes incl. self via build/rtti.json + include/ base clause; floor 2x6+1)	daObjFl_Fall_Block_c	text-only
daObjWlKoopaShutter_c	6	96	ov026	yes	yes	compiler-only:>=11(derived from own chain: 5 classes incl. self via build/rtti.json + include/ base clause; floor 2x5+1)	-	text-only
daObjTtWater_c	6	137	ov033	yes	yes	compiler-only:>=11(derived from own chain: 5 classes incl. self via build/rtti.json + include/ base clause; floor 2x5+1)	-	text-only
daObjCtMecha10_c	6	194	ov035	yes	yes	compiler-only:>=11(derived from own chain: 5 classes incl. self via build/rtti.json + include/ base clause; floor 2x5+1)	-	text-only
daObjEwmIceBlock_c	6	187	ov056	yes	yes	compiler-only:>=11(derived from own chain: 5 classes incl. self via build/rtti.json + include/ base clause; floor 2x5+1)	-	text-only
daObjKanban_c	6	201	ov085	yes	yes	compiler-only:>=11(derived from own chain: 5 classes incl. self via build/rtti.json + include/ base clause; floor 2x5+1)	-	text-only
daObjSimpleLift_c	6	171	ov091	yes	yes	compiler-only:>=11(derived from own chain: 5 classes incl. self via build/rtti.json + include/ base clause; floor 2x5+1)	-	text-only
daDsn_c	6	200	ov091	yes	yes	compiler-only:>=13(derived from own chain: 6 classes incl. self via build/rtti.json + include/ base clause; floor 2x6+1)	-	text-only
daObjSimpleBg_c	6	169	ov102	yes	yes	compiler-only:>=11(derived from own chain: 5 classes incl. self via build/rtti.json + include/ base clause; floor 2x5+1)	-	text-only
dScMgJump2_c+dScMgJump_c	2	1010	ov006	yes	yes	multi-class-tu:2;already-one-legacy-file:src/actors/d_sc_mg_jump2.cpp(needs manifest registration, not a shard merge);compiler-only:>=16(derived from own chain: 7 classes incl. self via build/rtti.json; floor 2x7+2)	dScMgSingle3DBase_c	text-only
daObjFl_Ukiyuka_c	4	87	ov022	yes	yes	compiler-only:>=13(derived from own chain: 6 classes incl. self via build/rtti.json + include/ base clause; floor 2x6+1)	daObjFl_Fall_Block_c	text-only
daObjWlSubmarine_c	5	94	ov026	yes	yes	compiler-only:>=11(derived from own chain: 5 classes incl. self via build/rtti.json + include/ base clause; floor 2x5+1)	-	text-only
dScGameOver_c	1	567	ov003	yes	yes	pragma:1;compiler-only:>=9(derived from own chain: 4 classes incl. self via build/rtti.json; floor 2x4+1)	-	text-only
daMenbo_c	24	1041	ov090	yes	yes	pragma:1;compiler-only:>=11(derived from own chain: 5 classes incl. self via build/rtti.json + include/ base clause; floor 2x5+1)	-	text-only
daSnmBth_c+SnowmanBreathParticle	16	450	ov027	partial	yes	multi-class-tu:2;compiler-only:>=9(derived from own chain: 4 classes incl. self via build/rtti.json + include/ base clause; floor 2x4+1; excludes 1 unresolved: SnowmanBreathParticle)	daIDonketu_c	text-only
dMap_c	11	1104	ov002	yes	no	pragma:2;compiler-only:>=7(derived from own chain: 3 classes incl. self via build/rtti.json + include/ base clause; floor 2x3+1)	daBar_c	text-only
Fish	17	437	ov100	yes	no	pragma:1;compiler-only:>=9(derived from own chain: 4 classes incl. self via build/rtti.json + include/ base clause; floor 2x4+1)	daObjPathLift_c	text-only
daBtfly_c	15	662	ov100	yes	yes	pragma:1;compiler-only:>=9(derived from own chain: 4 classes incl. self via build/rtti.json + include/ base clause; floor 2x4+1)	daObjPathLift_c	text-only
daPiano_c	3	609	ov063	yes	yes	pragma:2;compiler-only:>=11(derived from own chain: 5 classes incl. self via build/rtti.json; floor 2x5+1)	-	text-only
SpikeBomb	15	391	ov060	yes	no	pragma:1;compiler-only:>=9(derived from own chain: 4 classes incl. self via build/rtti.json + include/ base clause; floor 2x4+1)	-	text-only
daKinopio_c	1	746	ov085	yes	yes	pragma:2;compiler-only:>=9(derived from own chain: 4 classes incl. self via build/rtti.json; floor 2x4+1)	-	text-only
daWater_Hakidasi_c+daObjFl_Puzzle_c	12	397	ov064	partial	no	pragma:1;multi-class-tu:2;classif:no-header:daObjFl_Puzzle_c;compiler-only:>=16(derived from own chain: 7 classes incl. self via build/rtti.json + include/ base clause; floor 2x7+2)	daObjFl_Gura_c	text-only
BulletBill	10	418	ov079	yes	no	pragma:1;compiler-only:>=11(derived from own chain: 5 classes incl. self via build/rtti.json + include/ base clause; floor 2x5+1)	-	text-only
daObjSeesaw_c	10	229	ov095	yes	yes	pragma:2;compiler-only:>=11(derived from own chain: 5 classes incl. self via build/rtti.json + include/ base clause; floor 2x5+1)	-	text-only
BowserSkyPlatform	9	310	ov060	yes	no	pragma:1;compiler-only:>=11(derived from own chain: 5 classes incl. self via build/rtti.json + include/ base clause; floor 2x5+1)	-	text-only
daObjKi_Hasira_c	7	230	ov016	yes	yes	pragma:1;compiler-only:>=11(derived from own chain: 5 classes incl. self via build/rtti.json + include/ base clause; floor 2x5+1)	daObjKi_Ita_c	text-only
daObjFl_KomaU_c	6	212	ov064	yes	yes	pragma:1;compiler-only:>=11(derived from own chain: 5 classes incl. self via build/rtti.json + include/ base clause; floor 2x5+1)	daObjFl_Gura_c	text-only
daDpLift_c	6	240	ov025	yes	yes	pragma:1;compiler-only:>=11(derived from own chain: 5 classes incl. self via build/rtti.json + include/ base clause; floor 2x5+1)	-	text-only
RotatingPlatformLll	4	74	ov022	yes	no	pragma:1;compiler-only:>=13(derived from own chain: 6 classes incl. self via build/rtti.json + include/ base clause; floor 2x6+1)	daObjFl_Fall_Block_c	text-only
daObjHmMaruta_c	5	93	ov030	yes	yes	pragma:3;compiler-only:>=13(derived from own chain: 6 classes incl. self via build/rtti.json + include/ base clause; floor 2x6+1)	-	text-only
daObjCloset_c	5	230	ov058	yes	yes	pragma:1;compiler-only:>=9(derived from own chain: 4 classes incl. self via build/rtti.json + include/ base clause; floor 2x4+1)	-	text-only
daObjTh_Fall_Block_c	1	63	ov063	yes	yes	pragma:2;compiler-only:>=13(derived from own chain: 6 classes incl. self via build/rtti.json; floor 2x6+1)	-	text-only
daObjFlamethrower_c	4	283	ov095	yes	yes	pragma:2;compiler-only:>=9(derived from own chain: 4 classes incl. self via build/rtti.json + include/ base clause; floor 2x4+1)	-	text-only
PyramidTag+PyramidTop	14	291	ov024	yes	no	pragma:1;multi-class-tu:2;compiler-only:>=14(derived from own chain: 6 classes incl. self via build/rtti.json + include/ base clause; floor 2x6+2)	-	text-only
dMg3DHeyhoObjAdapter_c	1	7	ov006	no	no	compiler-only:>=3(derived from own chain: 1 classes incl. self via build/rtti.json; floor 2x1+1)	dScMgSingle3DBase_c	text-only
dMgCardObj_c+dMgDilarCardObj_c+dScMgCard_c	1	1997	ov006	partial	no	multi-class-tu:3;already-one-legacy-file:src/actors/dScMgCard_c.cpp(needs manifest registration, not a shard merge);compiler-only:>=19(derived from own chain: 8 classes incl. self via build/rtti.json; floor 2x8+3)	dScMgSingle3DBase_c	text-only
dMgMCarloCardObj_c+dScMgMCarlo_c	1	1255	ov006	partial	no	multi-class-tu:2;already-one-legacy-file:src/actors/dScMgMCarlo_c.cpp(needs manifest registration, not a shard merge);compiler-only:>=16(derived from own chain: 7 classes incl. self via build/rtti.json; floor 2x7+2)	dScMgSingle3DBase_c	text-only
dMgMCarlo2CardObj_c+dScMgMCarlo2_c	1	1048	ov006	partial	no	multi-class-tu:2;already-one-legacy-file:src/actors/dScMgMCarlo2_c.cpp(needs manifest registration, not a shard merge);compiler-only:>=16(derived from own chain: 7 classes incl. self via build/rtti.json; floor 2x7+2)	dScMgSingle3DBase_c	text-only
Player	298	26953	ov002	yes	yes	unmatched:1;pragma:13;compiler-only:>=9(derived from own chain: 4 classes incl. self via build/rtti.json + include/ base clause; floor 2x4+1);not-in-delinks:2	daBar_c	text-only
CutsceneObject+daDemo_c	145	3890	ov002	yes	no	unmatched:2;pragma:7;multi-class-tu:2;compiler-only:>=12(derived from own chain: 5 classes incl. self via build/rtti.json + include/ base clause; floor 2x5+2);not-in-delinks:1	daBar_c	text-only
cMgSmartball_ana_c+cMgSmartball_ball_c+cMgSmartball_board_c+cMgSmartball_dokan_c+cMgSmartball_kinoko_c+cMgSmartball_object_c+cMgSmartball_pakkun_c+cMgSmartball_propeller_c+cMgSmartball_pushswitch_c+cMgSmartball_slot_c+cMgSmartball_spring_c+cMgSmartball_wing_c+dScMgSmartball_c	131	6711	ov006	yes	no	unmatched:1;pragma:15;multi-class-tu:13;compiler-only:>=47(derived from own chain: 17 classes incl. self via build/rtti.json; floor 2x17+13)	dScMgSingle3DBase_c	text-only
dScMgSound_c	1	2438	ov006	yes	yes	RESOLVED(measured): shard_count was 80, real 82 (tu_map cuts on symbol name and missed dScMgSound_c_classInit 0x0211cb70, adjacent with no gap);unmatched was really 1 (OnYoshiTryEat, now 0xf4/0xf4);pragma:1 inert (deleted, still 0x140/0x140);compiler-only:>=13(derived from own chain: 6 classes incl. self via build/rtti.json; floor 2x6+1)	dScMgSingle3DBase_c	text-only
dScMgTeresa_c	34	2560	ov006	yes	yes	pragma:7;compiler-only:>=11(derived from own chain: 5 classes incl. self via build/rtti.json; floor 2x5+1);not-in-delinks:1	dScMgSingle3DBase_c	text-only
dScMgBomroom_c	41	2661	ov006	yes	yes	pragma:17;compiler-only:>=11(derived from own chain: 5 classes incl. self via build/rtti.json; floor 2x5+1)	dScMgSingle3DBase_c	text-only
daTBasket_c+daTrsIcon_c+daTrs_c	94	4184	ov063	yes	no	pragma:3;multi-class-tu:3;compiler-only:>=19(derived from own chain: 8 classes incl. self via build/rtti.json; floor 2x8+3)	-	text-only
dScMgPachinko_c	74	2613	ov006	yes	yes	unmatched:1;pragma:5;compiler-only:>=11(derived from own chain: 5 classes incl. self via build/rtti.json; floor 2x5+1);not-in-delinks:2	dScMgSingle3DBase_c	text-only
dScMgPanel_c	2	2647	ov006	yes	yes	pragma:7;compiler-only:>=11(derived from own chain: 5 classes incl. self via build/rtti.json; floor 2x5+1)	dScMgSingle3DBase_c	text-only
OamAnimation+dScEntry_c	81	3204	ov075	yes	no	unmatched:1;pragma:3;multi-class-tu:2;compiler-only:>=9(derived from own chain: 4 classes incl. self via build/rtti.json; floor 2x4+1; excludes 1 unresolved: OamAnimation);not-in-delinks:2	-	text-only
dScMgCoin_c	31	2182	ov006	yes	yes	pragma:2;compiler-only:>=11(derived from own chain: 5 classes incl. self via build/rtti.json; floor 2x5+1)	dScMgSingle3DBase_c	text-only
dScMgHanachan_c	14	2772	ov006	yes	yes	pragma:7;compiler-only:>=11(derived from own chain: 5 classes incl. self via build/rtti.json; floor 2x5+1);unmatched:1	dScMgSingle3DBase_c	text-only
dScMgPachinko2_c+dScMgPachinko_c	75	2833	ov006	yes	no	pragma:35;multi-class-tu:2;compiler-only:>=14(derived from own chain: 6 classes incl. self via build/rtti.json; floor 2x6+2)	dScMgSingle3DBase_c	text-only
dScMgLuigi_c	1	2314	ov006	yes	yes	pragma:6;compiler-only:>=11(derived from own chain: 5 classes incl. self via build/rtti.json; floor 2x5+1)	dScMgBase_c	text-only
Goomboss	17	2201	ov074	yes	yes	unmatched:1;compiler-only:>=11(derived from own chain: 5 classes incl. self via build/rtti.json + include/ base clause; floor 2x5+1);not-in-delinks:1	-	text-only
dEnemyBase_c	31	1092	ov002	yes	yes	compiler-only:>=9(derived from own chain: 4 classes incl. self via build/rtti.json; floor 2x4+1)	daBar_c	text-only
daObjMarioCap_c	3	1297	ov002	yes	yes	unmatched:1;compiler-only:>=11(derived from own chain: 5 classes incl. self via build/rtti.json; floor 2x5+1)	daBar_c	text-only
dScMgMemory2_c	1	1531	ov006	yes	yes	pragma:2;compiler-only:>=13(derived from own chain: 6 classes incl. self via build/rtti.json; floor 2x6+1)	dScMgSingle3DBase_c	text-only
PowerStar+StarMarker	77	3268	ov002	yes	no	unmatched:2;pragma:2;multi-class-tu:2;compiler-only:>=14(derived from own chain: 6 classes incl. self via build/rtti.json + include/ base clause; floor 2x6+2)	daBar_c	text-only
dScMgCurling2_c	22	2051	ov006	yes	yes	pragma:3;compiler-only:>=11(derived from own chain: 5 classes incl. self via build/rtti.json; floor 2x5+1);not-in-delinks:1	dScMgSingle3DBase_c	text-only
dScMgMemory_c	1	1504	ov006	yes	yes	pragma:1;compiler-only:>=13(derived from own chain: 6 classes incl. self via build/rtti.json; floor 2x6+1)	dScMgSingle3DBase_c	text-only
Bowser+BowserTail	78	3042	ov060	yes	no	pragma:2;multi-class-tu:2;compiler-only:>=12(derived from own chain: 5 classes incl. self via build/rtti.json + include/ base clause; floor 2x5+2);not-in-delinks:1	-	text-only
dScMgCurling_c	46	1643	ov006	yes	yes	pragma:5;compiler-only:>=11(derived from own chain: 5 classes incl. self via build/rtti.json; floor 2x5+1);not-in-delinks:1	dScMgSingle3DBase_c	text-only
Eyerok	28	2704	ov066	yes	yes	unmatched:6;pragma:1;compiler-only:>=11(derived from own chain: 5 classes incl. self via build/rtti.json + include/ base clause; floor 2x5+1)	-	text-only
dScMgRoulette_c	2	2007	ov006	yes	yes	pragma:1;compiler-only:>=13(derived from own chain: 6 classes incl. self via build/rtti.json; floor 2x6+1)	dScMgSingle3DBase_c	text-only
dScMgTrampoline2_c	1	1731	ov006	yes	yes	pragma:1;compiler-only:>=13(derived from own chain: 6 classes incl. self via build/rtti.json; floor 2x6+1)	dScMgSingle3DBase_c	text-only
daGmch_c	1	1120	ov081	yes	yes	compiler-only:>=9(derived from own chain: 4 classes incl. self via build/rtti.json; floor 2x4+1)	-	text-only
SignPost	27	910	ov002	yes	no	compiler-only:>=11(derived from own chain: 5 classes incl. self via build/rtti.json + include/ base clause; floor 2x5+1);not-in-delinks:1	daBar_c	text-only
Door	31	968	ov100	yes	no	unmatched:1;compiler-only:>=9(derived from own chain: 4 classes incl. self via build/rtti.json + include/ base clause; floor 2x4+1)	daObjPathLift_c	text-only
daBombking_c	1	1965	ov078	yes	yes	pragma:4;compiler-only:>=11(derived from own chain: 5 classes incl. self via build/rtti.json; floor 2x5+1)	-	text-only
daSCoin_c	1	247	ov002	yes	yes	compiler-only:>=9(derived from own chain: 4 classes incl. self via build/rtti.json; floor 2x4+1)	daBar_c	text-only
daTrsTrap_c	12	570	ov063	yes	yes	compiler-only:>=9(derived from own chain: 4 classes incl. self via build/rtti.json; floor 2x4+1)	-	text-only
dScMgCup_c	1	1206	ov006	yes	yes	pragma:5;compiler-only:>=13(derived from own chain: 6 classes incl. self via build/rtti.json; floor 2x6+1)	dScMgSingle3DBase_c	text-only
dScStarSel_c	14	1041	ov003	yes	yes	classif:NONMATCHING-draft;classif:not-in-delinks;compiler-only:>=9(derived from own chain: 4 classes incl. self via build/rtti.json; floor 2x4+1)	-	text-only
dScDSMT_c	13	306	ov007	yes	no	unmatched:2;compiler-only:>=9(derived from own chain: 4 classes incl. self via build/rtti.json; floor 2x4+1)	-	text-only
dScMgSlot1_c+dScMgSlot3_c	41	1645	ov006	yes	no	unmatched:2;pragma:4;multi-class-tu:2;compiler-only:>=16(derived from own chain: 7 classes incl. self via build/rtti.json; floor 2x7+2);not-in-delinks:1	dScMgSingle3DBase_c	text-only
daKpa2Bg_c	3	260	ov060	yes	yes	unmatched:1;compiler-only:>=11(derived from own chain: 5 classes incl. self via build/rtti.json; floor 2x5+1)	-	text-only
daPeach_c	24	466	ov085	yes	yes	unmatched:1;compiler-only:>=9(derived from own chain: 4 classes incl. self via build/rtti.json + include/ base clause; floor 2x4+1)	-	text-only
dScMgAmida_c	26	2155	ov006	yes	yes	pragma:7;compiler-only:>=11(derived from own chain: 5 classes incl. self via build/rtti.json; floor 2x5+1);not-in-delinks:1	dScMgSingle3DBase_c	text-only
daEykn_c	22	704	ov071	yes	yes	compiler-only:>=9(derived from own chain: 4 classes incl. self via build/rtti.json + include/ base clause; floor 2x4+1);not-in-delinks:1	daEyBm_c	text-only
dScMiniGm_c	26	1304	ov005	yes	yes	pragma:1;classif:NONMATCHING-draft;classif:not-in-delinks;compiler-only:>=9(derived from own chain: 4 classes incl. self via build/rtti.json; floor 2x4+1)	-	text-only
YoshiEgg	32	1304	ov002	yes	no	unmatched:1;pragma:2;compiler-only:>=11(derived from own chain: 5 classes incl. self via build/rtti.json + include/ base clause; floor 2x5+1)	daBar_c	text-only
Bullet	12	251	ov002	yes	no	unmatched:1;compiler-only:>=11(derived from own chain: 5 classes incl. self via build/rtti.json + include/ base clause; floor 2x5+1)	daBar_c	text-only
dScMgSnowball_c	23	2047	ov006	yes	yes	pragma:5;compiler-only:>=13(derived from own chain: 6 classes incl. self via build/rtti.json; floor 2x6+1)	dScMgSingle3DBase_c	text-only
daObjKey_c	18	1009	ov089	yes	yes	unmatched:1;compiler-only:>=11(derived from own chain: 5 classes incl. self via build/rtti.json + include/ base clause; floor 2x5+1)	-	text-only
dScMgJump_c	18	559	ov006	yes	yes	pragma:1;compiler-only:>=13(derived from own chain: 6 classes incl. self via build/rtti.json; floor 2x6+1);not-in-delinks:1	dScMgSingle3DBase_c	text-only
RollingIronBall	15	878	ov100	yes	no	unmatched:1;compiler-only:>=11(derived from own chain: 5 classes incl. self via build/rtti.json + include/ base clause; floor 2x5+1)	daObjPathLift_c	text-only
MugenBgm	8	178	ov002	yes	no	unmatched:1;compiler-only:>=9(derived from own chain: 4 classes incl. self via build/rtti.json + include/ base clause; floor 2x4+1)	daBar_c	text-only
daHanachan_c	34	1371	ov034	yes	yes	pragma:6;compiler-only:>=11(derived from own chain: 5 classes incl. self via build/rtti.json + include/ base clause; floor 2x5+1)	-	text-only
Whomp	34	1898	ov079	yes	no	unmatched:1;pragma:2;compiler-only:>=11(derived from own chain: 5 classes incl. self via build/rtti.json + include/ base clause; floor 2x5+1)	-	text-only
daKrb_c+daKrb_c	35	1994	ov084	yes	yes	pragma:2;multi-class-tu:2;compiler-only:>=14(derived from own chain: 6 classes incl. self via build/rtti.json; floor 2x6+2)	-	text-only
daC_Jugem_c	1	1213	ov085	yes	yes	pragma:1;compiler-only:>=11(derived from own chain: 5 classes incl. self via build/rtti.json; floor 2x5+1)	-	text-only
daDossy_c+DorriePlatform+daDossyCap_c	29	932	ov065	partial	no	pragma:3;multi-class-tu:3;compiler-only:>=12(derived from own chain: 5 classes incl. self via build/rtti.json + include/ base clause; floor 2x5+2; excludes 1 unresolved: DorriePlatform)	daObjCtMecha05_c	text-only
TTC_MovingBeam	7	228	ov065	yes	no	unmatched:1;compiler-only:>=11(derived from own chain: 5 classes incl. self via build/rtti.json + include/ base clause; floor 2x5+1)	daObjCtMecha05_c	text-only
daTor_c	10	326	ov096	yes	yes	unmatched:1;compiler-only:>=9(derived from own chain: 4 classes incl. self via build/rtti.json + include/ base clause; floor 2x4+1)	-	text-only
daObjCvNewsLift_c	8	536	ov021	yes	yes	unmatched:1;classif:NONMATCHING-draft;classif:not-in-delinks;compiler-only:>=11(derived from own chain: 5 classes incl. self via build/rtti.json + include/ base clause; floor 2x5+1)	daObjCvShutter_c	text-only
daObjCtMecha08_c	6	213	ov065	yes	yes	unmatched:1;compiler-only:>=11(derived from own chain: 5 classes incl. self via build/rtti.json + include/ base clause; floor 2x5+1)	daObjCtMecha05_c	text-only
dScMgFlower_c	2	871	ov006	yes	yes	pragma:1;compiler-only:>=13(derived from own chain: 6 classes incl. self via build/rtti.json; floor 2x6+1)	dScMgSingle3DBase_c	text-only
Painting	27	953	ov080	yes	no	no-legacy-source:1;pragma:1;compiler-only:>=9(derived from own chain: 4 classes incl. self via build/rtti.json + include/ base clause; floor 2x4+1)	-	text-only
daFRing_c	6	208	ov060	yes	yes	unmatched:1;compiler-only:>=9(derived from own chain: 4 classes incl. self via build/rtti.json + include/ base clause; floor 2x4+1)	-	text-only
daObjBk_Botaosi_c	11	340	ov015	yes	no	pragma:2;compiler-only:>=11(derived from own chain: 5 classes incl. self via build/rtti.json + include/ base clause; floor 2x5+1);not-in-delinks:1	daObjBkBillboard_c	text-only
BookSwitch+Unagi	20	918	ov016	partial	no	pragma:2;multi-class-tu:2;compiler-only:>=11(derived from own chain: 5 classes incl. self via build/rtti.json + include/ base clause; floor 2x5+1; excludes 1 unresolved: BookSwitch)	daObjKi_Ita_c	text-only
dCapIcon_c	1	199	ov001	no	yes	pragma:1;compiler-only:>=3(derived from own chain: 1 classes incl. self via build/rtti.json; floor 2x1+1)	-	text-only
UNATTRIBUTED	1457	-	(all overlays)	-	-	321 unattributed .text runs in non-arm9-core modules;no class name recoverable from mangled name/RTTI/tu_map -- needs manual attribution before a promotion can target them	-	-
UNATTRIBUTED-CORE	3103	-	main+itcm	-	-	44 under-segmented arm9 core TU-candidate runs (tu_map.py reports main/itcm as a lower bound, not real per-class TUs);excluded from per-class ranking	-	-
