0	BOOT	0x208f698
1	DSMT	0x208f6a8
2	TITLE	0x208f718
3	STAGE	0x208f708
4	STAR_SELECT	0x2090248
5	MINIGAME	0x208fabc
6	ENTRY	0x208f768
7	RESULT	0x208f828
8	GAME_OVER	0x208fd20
9	YOSHI_EGG	0x208fd2c
10	BC_SWITCH	0x208ff0c
11	HANSWITCH	0x208fd38
12	STAR_SWITCH	0x2090254
13	TREASURE_BOX	0x2090418
14	CANNON_SHUTTER	0x2090678
15	BLOCK_L	0x208f978
16	DP_BLOCK_L	0x208ffcc
17	BLOCK_LL	0x208fbe8
18	ICE_BLOCK_LL	0x2090438
19	SW_BLOCK_L	0x20900bc
20	HATENA_BLOCK	0x2090448
21	ITEM_BLOCK	0x209017c
22	VS_ITEM_BLOCK	0x2090568
23	CAP_BLOCK_M	0x2090260
24	CAP_BLOCK_W	0x2090278
25	CAP_BLOCK_L	0x209026c
26	HATENA_SWITCH	0x2090588
27	PILE	0x208f6b8
28	SEESAW	0x208f868
29	UPDOWN_LIFT	0x2090290
30	HS_UPDOWN_LIFT	0x2090688
31	PATH_LIFT	0x208fd50
32	UDLIFT_TERESA	0x2090598
33	UDLIFT	0x208f7c8
34	C0_SWITCH	0x208fd5c
35	C0_WATER	0x208fb1c
36	C1_TRAP	0x208f958
37	C1_HIKARI	0x208fd68
38	C1_PEACH	0x208fb70
39	BOMB_SEESAW	0x20902b4
40	SWITCHDOOR	0x208fffc
41	WANWAN_SHUTTER	0x2090698
42	BK_BILLBOARD	0x2090468
43	BK_KILLER_DAI	0x20905a8
44	BK_BOTAOSI	0x2090008
45	BK_DOWN_B	0x208fd80
46	BK_FUTA	0x208f898
47	BK_KABE01	0x208fd8c
48	BK_KABE00	0x208fd98
49	BK_TOWER	0x208fbd0
50	BK_UKISIMA	0x2090014
51	BK_ROTEBAR	0x2090020
52	BK_LIFT01	0x208fdb0
53	BK_DOSSUNBAR_L	0x20906a8
54	BK_DOSSUNBAR_S	0x20906b8
55	BK_TRANSBAR	0x20902cc
56	KI_FUNE	0x208f900
57	KI_FUNE_UP	0x209002c
58	KI_HASIRA	0x208fdc8
59	KI_HASIRA_DAI	0x20905c8
60	KI_ITA	0x208f7e8
61	KI_IWA	0x208f7a0
62	KS_MIZU	0x208f8d0
63	SM_LIFT	0x208f8e0
64	CASKET	0x208f800
65	KAIDAN	0x208f808
66	TH_DOWN_B	0x208fdd4
67	CV_SHUTTER	0x2090050
68	CV_NEWS_LIFT	0x2090498
69	FL_AMILIFT	0x209005c
70	FL_MARUTA	0x208fdec
71	FL_RING	0x208f970
72	FL_GURA	0x208f940
73	FL_LONDON	0x208fdf8
74	FL_BLOCK	0x208fbf4
75	FL_UKIYUKA	0x2090068
76	FL_UKIYUKA_L	0x20904a8
77	FL_SEESAW	0x208fe1c
78	FL_PUZZLE	0x208fe7c
79	FL_COIN	0x208f960
80	FL_KOMA_D	0x208fe34
81	FL_KOMA_U	0x208fe40
82	FL_UKI_KI	0x208ff24
83	FL_KUZURE	0x208fe4c
84	FM_BATTAN	0x208fe58
85	DL_PYRAMID	0x2090074
86	DL_PYRAMID_DUMMY	0x20907c0
87	DP_BROCK	0x208fb04
88	DP_LIFT	0x208f8b0
89	WL_POLELIFT	0x2090308
90	WL_SUBMARINE	0x20904c8
91	WL_KOOPA_SHUTTER	0x20907d4
92	SL_ICEBLOCK	0x2090314
93	SL_ICEBLOCK_SHOT	0x20907e8
94	WC_UKISIMA	0x2090098
95	WC_OBJ01	0x208fb28
96	WC_OBJ02	0x208fa8c
97	WC_OBJ03	0x208fb34
98	WC_OBJ04	0x208fa98
99	WC_OBJ05	0x208fb88
100	WC_OBJ06	0x208fb40
101	WC_MIZU	0x208f9a0
102	HM_MARUTA	0x208fe64
103	HM_BASKET	0x208fe70
104	TT_FUTA	0x208f938
105	TT_WATER	0x208fb64
106	TD_FUTA	0x208f988
107	TD_WATER	0x208fb7c
108	CT_MECHA01	0x20900c8
109	CT_MECHA02	0x20900d4
110	CT_MECHA03	0x20900e0
111	CT_MECHA04L	0x2090320
112	CT_MECHA04S	0x2090338
113	CT_MECHA05	0x20900ec
114	CT_MECHA06	0x20900f8
115	CT_MECHA07	0x2090104
116	CT_MECHA08A	0x2090350
117	CT_MECHA08B	0x209035c
118	CT_MECHA09	0x2090110
119	CT_MECHA10	0x209011c
120	CT_MECHA11	0x2090128
121	CT_MECHA12L	0x2090368
122	CT_MECHA12S	0x2090374
123	RC_DORIFU	0x208fea0
124	RC_RIFT01	0x208feac
125	RC_HANE	0x208f968
126	RC_TIKUWA	0x208fec4
127	RC_BURANKO	0x2090140
128	RC_SEESAW	0x208fed0
129	RC_KAITEN	0x208fedc
130	RC_CARPET	0x208fef4
131	RC_RIFT02	0x208ff00
132	RC_GURUGURU	0x2090398
133	KM1_SEESAW	0x2090158
134	KM1_DORIFU	0x2090164
135	KM1_UKISHIMA	0x2090528
136	KM1_KURUMA	0x2090170
137	KM1_KURUMAJIKU	0x2090718
138	KM1_DERU	0x208faf8
139	KM2_KUZURE	0x208ff30
140	KM2_AGARU	0x208fc0c
141	KM2_GURA	0x208fbdc
142	KM2_AMI_BOU	0x2090188
143	KM2_YOKOSEESAW	0x2090618
144	KM2_SUSUMU	0x208ff48
145	KM2_UKISHIMA	0x20903d8
146	KM2_RIFUT02	0x20901ac
147	KM2_RIFUT01	0x20901b8
148	KM2_NOBIRU	0x208ff54
149	KM3_SEESAW	0x208ff60
150	KM3_YOKOSEESAW	0x2090628
151	KM3_KURUMA	0x208ff6c
152	KM3_KURUMAJIKU	0x2090638
153	KM3_DORIFU	0x208ff84
154	KM3_DERU01	0x208ff90
155	KM3_DERU02	0x208ff9c
156	KM3_KAITENDAI	0x2090548
157	KM3_LIFT	0x208f9c0
158	BOOKSHELF	0x208fc30
159	MERRYGOROUND	0x20903f8
160	TERESAPIT	0x208fc3c
161	DOSUN	0x208f738
162	DONKAKU	0x208f890
163	DONGURU	0x208f870
164	BATAN	0x208f790
165	BATANKING	0x208fc54
166	KOOPA2BG	0x208f9a8
167	KOOPA3BG	0x208f9cc
168	DOSSY	0x208f750
169	DOSSY_CAP	0x208fc78
170	EWB_ICE_A	0x208ff18
171	EWB_ICE_B	0x208fc84
172	EWB_ICE_C	0x208fc90
173	EWM_ICE_BLOCK	0x2090558
174	EMM_LOG	0x208f980
175	EMM_YUKA	0x208f9fc
176	IWANTE	0x208f798
177	STAR_CAMERA	0x20901f4
178	STAR	0x208f680
179	SILVER_STAR	0x209020c
180	STARBASE	0x208fa20
181	RED_BOMBHEI	0x2090218
182	PL_CLOSET	0x208fca8
183	KANBAN	0x208f860
184	TATEFUDA	0x208fa44
185	KINOPIO	0x208f8b8
186	PEACH_PRINCESS	0x2090668
187	MIP	0x208f678
188	RACE_NOKO	0x208fcc0
189	BOMBKING	0x208fb10
190	HOLHEI	0x208f838
191	PLAYER	0x208f858
192	PUSHBLOCK	0x208fce4
193	BATTA_BLOCK	0x209023c
194	BLOCK_S	0x208f918
195	LUIGI	0x208f728
196	LAVA	0x208f6b0
197	WATERFALL	0x208fd08
198	KURIKING	0x208fac8
199	KURIKING_VANISH	0x2090738
200	KURIBO	0x208f7d8
201	KURIBO_S	0x208fa74
202	KURIBO_L	0x208fbac
203	NOKONOKO	0x208fab0
204	NOKONOKO_S	0x209014c
205	RACE_FLAG	0x208fe94
206	BOMBHEI	0x208f8c0
207	CANNON	0x208f848
208	WATERBOMB	0x208fde0
209	TERESA	0x208f7a8
210	BOSS_TERESA	0x2090284
211	ICON_TERESA	0x209029c
212	T_BASKET	0x208f9b4
213	BOOK_SWITCH	0x20902a8
214	BUBBLE	0x208f850
215	DONKETU	0x208f8e8
216	BOSS_DONKETU	0x2090458
217	ICE_DONKETU	0x20902c0
218	KING_DONKETU	0x2090478
219	WANWAN	0x208f810
220	IRONBALL	0x208fa5c
221	GORO_ROCK	0x208fda4
222	KILLER	0x208f7f8
223	SNOWMAN	0x208f950
224	SNOWBALL	0x208fb4c
225	SHARK	0x208f788
226	MANTA	0x208f740
227	PUKUPUKU	0x208fad4
228	BAKUBAKU	0x208fae0
229	OBJ_MIP_KEY	0x20902d8
230	MENBO	0x208f730
231	HYUHYU	0x208f820
232	PROPELLER_HEYHO	0x2090748
233	PROPELLER_HEYHO_FIRE	0x209084c
234	OWL	0x208f670
235	C_JUGEM	0x208f908
236	YUREI_MUCHO	0x20902f0
237	BASABASA	0x208fa68
238	POPOI	0x208f6e0
239	JANGO	0x208f6d0
240	SANBO	0x208f760
241	SANBO_BODY	0x2090080
242	MORAY	0x208f780
243	OBJ_VOLCANO_CANNON	0x2090838
244	WATER_RING	0x20900a4
245	WATER_HAKIDASI	0x20906d8
246	WATER_TATUMAKI	0x20906e8
247	WATER_SUIKOMI	0x20905f8
248	HANACHAN	0x208fb58
249	PIANO	0x208f6f8
250	PAKUN	0x208f6f0
251	FIREPAKUN	0x208fc24
252	FIREPAKUN_S	0x209032c
253	PAKUN2	0x208f7b8
254	FPAKUN_BALL	0x2090344
255	SPIDER	0x208f7b0
256	PENGUIN_BABY	0x2090508
257	PENGUIN_MOTHER	0x20906f8
258	PENGUIN_DEFENDER	0x2090810
259	PENGUIN_RACER	0x2090608
260	TOGEZO	0x208f840
261	GAMAGUCHI	0x208fee8
262	EYEKUN	0x208f818
263	EYEKUN_BOSS	0x20903a4
264	EYEKUN_BEAM	0x20903b0
265	JUGEM	0x208f778
266	BIRIKYU	0x208f948
267	MONKEY_THIEF	0x20903c8
268	MONKEY_STAR	0x2090194
269	OBJ_MARIO_CAP	0x2090538
270	KERONPA	0x208f8f8
271	KERONPA_FIRE	0x20903e8
272	BIG_SNOWMAN	0x20901c4
273	BIG_SNOWMAN_HEAD	0x2090798
274	BIG_SNOWMAN_BODY	0x20907ac
275	SNOWMAN_BREATH	0x2090648
276	ONEUPKINOKO	0x20901e8
277	SCALEUP_KINOKO	0x2090658
278	KOOPATAIL	0x208fc48
279	KOOPA	0x208f758
280	KOOPAFIRE	0x208fc6c
281	FIRERING	0x208f9e4
282	OBJ_KEY	0x208f990
283	LAST_STAR	0x208fc9c
284	KIRAI	0x208f720
285	SHELL	0x208f770
286	TREE	0x208f6c0
287	BAR	0x208f674
288	COIN	0x208f6c8
289	RED_COIN	0x208fa50
290	BLUE_COIN	0x208fcb4
291	OBJ_ABUKU	0x208fccc
292	CLOCK_SHORT	0x2090230
293	CLOCK_LONG	0x208ffa8
294	CLOCK_HURIKO	0x2090408
295	ICE_BOARD	0x208fcfc
296	WAKAME	0x208f7c0
297	HEART	0x208f748
298	DOKAN	0x208f6d8
299	YAJIRUSI_L	0x208ffc0
300	YAJIRUSI_R	0x208ffe4
301	KB1_BILLBOARD	0x2090578
302	HS_MOON	0x208f888
303	HS_STAR	0x208f878
304	HS_Y_STAR	0x208fd74
305	HS_B_STAR	0x208fd44
306	POWER_UP_ITEM	0x20905b8
307	PICTURE_GATE	0x2090488
308	TORNADO	0x208f880
309	ONIMASU	0x208f998
310	CHOROPU	0x208f910
311	CHORO_ROCK	0x2090038
312	HUWAHUWA	0x208faec
313	SLIDE_BOX	0x208fe04
314	OBJ_KUMO	0x208fb94
315	OBJ_SHELL	0x208fe28
316	OBJ_RED_FIRE	0x20904b8
317	OBJ_BLUE_FIRE	0x20905d8
318	OBJ_FLAMETHROWER	0x20907fc
319	KINOKO_CREATE_TAG	0x2090824
320	KINOKO_TAG	0x20900b0
321	BLK_OKINOKO_TAG	0x2090758
322	BLK_SKINOKO_TAG	0x2090768
323	BLK_GNSHELL_TAG	0x2090778
324	BLK_SLVSTAR_TAG	0x2090788
325	SHOOT_BOOK	0x2090134
326	CHAIR	0x208f6e8
327	KILLER_BOOK	0x209038c
328	BOOK_GENERATOR	0x2090708
329	SECRET_COIN	0x20903bc
330	OBJ_NUMBER	0x208ff3c
331	OBJ_1UPLOGO	0x20901a0
332	CAMERA	0x208f7e0
333	CAMERA_TAG	0x208ff78
334	METER	0x208f710
335	MAP	0x208f67c
336	BUTTERFLY	0x208fc60
337	WANWAN2	0x208f8a8
338	MC_WATER	0x208f9f0
339	MC_METALNET	0x2090200
340	MC_DODAI	0x208fa2c
341	MC_HAZAD	0x208fa38
342	MC_FLAG	0x208f930
343	SBIRD	0x208f700
344	FISH	0x208f6a0
345	FEATHER	0x208f8d8
346	ENTRY_OBJECT	0x2090428
347	WARPKUN	0x208f8f0
348	CH_ROOM	0x208f920
349	CH_SCENE	0x208faa4
350	SET_SE	0x208f7d0
351	MUGEN_BGM	0x208fdbc
352	DEMO	0x208f688
353	DOOR	0x208f690
354	STAR_GATE	0x208fe10
355	STAR_CREATE	0x20902fc
356	SLIDER_MANAGER	0x20906c8
357	ENEMY_SWITCH	0x20904e8
358	ENEMY_CREATE	0x20904f8
359	SOUND_OBJ	0x208fe88
360	MULTIBOOT	0x208feb8
361	MG_CUP	0x208f830
362	MG_MEMORY	0x208fc18
363	MG_MEMORY_J	0x20901d0
364	MG_SLOT1	0x208fc00
365	MG_SLOT3	0x208f9d8
366	MG_LUIGI	0x208fbc4
367	MG_SOUND	0x208fa14
368	MG_PACHINKO	0x2090224
369	MG_TAMAIRE	0x208ffb4
370	MG_BOMROOM	0x208ffd8
371	MG_AMIDA	0x208fa80
372	MG_JUMP	0x208f928
373	MG_JUMP2	0x208fba0
374	MG_CURLING	0x209008c
375	MG_CURLING_J	0x20904d8
376	MG_SMARTBALL	0x2090518
377	MG_SNOWBALL	0x2090380
378	MG_COIN	0x208f8c8
379	MG_CARD	0x208f8a0
380	MG_PANEL	0x208fa08
381	MG_MCARLO	0x208fd14
382	MG_MCARLO2	0x208fff0
383	MG_ROULETTE	0x20902e4
384	MG_TRAMPOLINE	0x20905e8
385	MG_TRAMPOLINE2	0x2090728
386	MG_HANACHAN	0x20901dc
387	MG_TERESA	0x208fcf0
388	MG_BS_CARD	0x2090044
389	MG_3DESP	0x208fbb8
390	MG_FLOWER	0x208fcd8
391	END_OF	0x208f7f0
