actor_id	profile_id	profile_id_source	debug_string_address	class_name	class_name_source	rtti_address	rtti_name_address	inheritance_chain	overlay	registry_candidate_count	overlay_resolution	registry_candidates	tu_start	tu_end	tu_left_boundary_confidence	tu_right_boundary_confidence	tu_classes	tu_profiles	static_initializers	static_initializer_evidence	factory_address	factory_size	registry_factory_reference_count	registry_factory_references	current_factory_name	current_factory_file	proposed_factory_name	factory_shape	factory_shape_evidence	factory_via	class_factory_count	proposed_factory_collision	factory_name_resolution	profile_address	current_profile_name	proposed_profile_name	descriptor_layout	profile_index	profile_index_matches_actor_id	execute_order	draw_order	group_flags	group_flags_evidence	actor_flags	clip_offset_y	clip_radius	clip_distance	far_distance	alloc_size	class_size	installed_vtable	expected_vtable	factory_ordinal_in_tu	factory_is_last_in_tu	profile_alignment	profile_to_rtti_delta	profile_to_vtable_delta	data_order	class_filename_candidate	probable_filename	tu_filename_candidates	filename_contradictions	filename_evidence	factory_confidence	profile_name_confidence	filename_confidence	notes	selection_reason
0	BOOT	symbols/actor_debug_names.tsv (literal ROM string table)	0x0208f698	dScBoot_c	SM64DS RTTI arm9:0x020914c8	0x020914c8	0x020914bc	dScBoot_c -> dScene_c -> dBase_c -> fBase_c	arm9	1	unique_registry_context	"[{""current_factory_name"":""dScBoot_c_classInit"",""current_profile_name"":""g_profile_BOOT"",""factory_address"":""0x02023624"",""factory_module"":""arm9"",""overlay"":""arm9"",""profile_address"":""0x020914a8""}]"	0x20049f0	0x20707a4	medium	medium	"[""Animation"",""BlendModelAnim"",""BootScene"",""CLPS_BlockRef"",""CP15"",""Camera"",""Clipper"",""CommonModel"",""Event"",""ExpandingHeap"",""ExpandingHeapAllocator"",""Fader"",""FaderBrightness"",""FaderColor"",""FaderWipe"",""Fog"",""G2"",""G2S"",""G2x"",""G3X"",""G3i"",""GX"",""GXS"",""Heap"",""HeapAllocator"",""IRQ"",""MaterialChanger"",""Memory"",""MemoryNode"",""Message"",""Model"",""ModelAnim"",""ModelAnim2"",""ModelBase"",""ModelComponents"",""NestedHeapIterator"",""OAM"",""Particle"",""PathPtr"",""SaveData"",""ShadowModel"",""SharedFilePtr"",""SolidHeap"",""SolidHeapAllocator"",""Sound"",""Stage"",""SurfaceInfo"",""TextureSequence"",""TextureTransformer"",""Timer"",""Vector3"",""Vector3s"",""View"",""cstd"",""dActor_c"",""dBase_c"",""dBgCh"",""dBgCh_Actr"",""dBgCh_Gnd"",""dBgCh_Lin"",""dBgCh_SphCrr"",""dBgPc"",""dBgPi"",""dBgW"",""dBgW_Kc"",""dBgW_KcMbg"",""dBgW_KcMbgSclY"",""dCapEnemy_c"",""dCcAcPos_c"",""dCcAc_c"",""dCcPos_c"",""dCc_c"",""dFdDummy_c"",""dGraph_c"",""dM3dGSph"",""dPa_c"",""dScMB_c"",""dScene_c"",""dWipe_c"",""fBase_c"",""fLiNdBaPr_c"",""fLiNdBa_c""]"	"[""BOOT"",""STAGE""]"	"[{""address"":""0x02073a24"",""blockers"":[""module TU map is under-segmented; consumer ownership is only medium confidence""],""causes"":[""dynamic-global-data""],""classification"":""medium"",""evidence"":[""19 of 19 ownership global(s) map through consumers to main:19""],""size"":""0x448"",""symbol"":""__sinit_02073a24""},{""address"":""0x02073e6c"",""blockers"":[""module TU map is under-segmented; consumer ownership is only medium confidence""],""causes"":[""destructor-registration"",""dynamic-global-data""],""classification"":""medium"",""evidence"":[""6 of 39 ownership global(s) map through consumers to main:19"",""33 ownership global(s) have no recovered source consumer"",""constructor/destructor class maps to main:19""],""size"":""0xf24"",""symbol"":""__sinit_02073e6c""},{""address"":""0x02074d90"",""blockers"":[""module TU map is under-segmented; consumer ownership is only medium confidence""],""causes"":[""dynamic-global-data""],""classification"":""medium"",""evidence"":[""1 of 1 ownership global(s) map through consumers to main:19""],""size"":""0x18"",""symbol"":""__sinit_02074d90""},{""address"":""0x02074da8"",""blockers"":[""module TU map is under-segmented; consumer edge is non-directional; consumer ownership is only medium confidence""],""causes"":[""dynamic-global-data""],""classification"":""medium"",""evidence"":[""1 of 1 ownership global(s) map through consumers to main:19"",""no directional write/construct/register target was recovered; consumer mapping falls back to all referenced globals""],""size"":""0x14"",""symbol"":""__sinit_02074da8""},{""address"":""0x02074dc4"",""blockers"":[""module TU map is under-segmented; consumer edge is non-directional; consumer ownership is only medium confidence""],""causes"":[""destructor-registration"",""dynamic-global-data""],""classification"":""medium"",""evidence"":[""2 of 3 ownership global(s) map through consumers to main:19"",""1 ownership global(s) have no recovered source consumer"",""no directional write/construct/register target was recovered; consumer mapping falls back to all referenced globals""],""size"":""0x48"",""symbol"":""__sinit_02074dc4""},{""address"":""0x02074e0c"",""blockers"":[""module TU map is under-segmented; consumer ownership is only medium confidence""],""causes"":[""destructor-registration"",""dynamic-global-data""],""classification"":""medium"",""evidence"":[""1 of 1 ownership global(s) map through consumers to main:19""],""size"":""0x38"",""symbol"":""__sinit_02074e0c""},{""address"":""0x02074e44"",""blockers"":[""module TU map is under-segmented; consumer edge is non-directional; consumer ownership is only medium confidence""],""causes"":[""destructor-registration"",""dynamic-global-data""],""classification"":""medium"",""evidence"":[""1 of 2 ownership global(s) map through consumers to main:19"",""1 ownership global(s) have no recovered source consumer"",""no directional write/construct/register target was recovered; consumer mapping falls back to all referenced globals""],""size"":""0x3c"",""symbol"":""__sinit_02074e44""},{""address"":""0x02074e84"",""blockers"":[""module TU map is under-segmented; consumer ownership is only medium confidence""],""causes"":[""global-object-construction"",""destructor-registration"",""dynamic-global-data""],""classification"":""medium"",""evidence"":[""2 of 2 ownership global(s) map through consumers to main:19"",""constructor/destructor class maps to main:19""],""size"":""0x58"",""symbol"":""__sinit_02074e84""},{""address"":""0x02074edc"",""blockers"":[""module TU map is under-segmented; consumer ownership is only medium confidence""],""causes"":[""destructor-registration"",""dynamic-global-data""],""classification"":""medium"",""evidence"":[""2 of 2 ownership global(s) map through consumers to main:19"",""constructor/destructor class maps to main:19""],""size"":""0xa4"",""symbol"":""__sinit_02074edc""},{""address"":""0x02074f80"",""blockers"":[""module TU map is under-segmented; consumer ownership is only medium confidence""],""causes"":[""destructor-registration"",""dynamic-global-data""],""classification"":""medium"",""evidence"":[""1 of 1 ownership global(s) map through consumers to main:19"",""constructor/destructor class maps to main:19""],""size"":""0x38"",""symbol"":""__sinit_02074f80""},{""address"":""0x02074fb8"",""blockers"":[""module TU map is under-segmented; consumer ownership is only medium confidence""],""causes"":[""dynamic-global-data""],""classification"":""medium"",""evidence"":[""1 of 1 ownership global(s) map through consumers to main:19""],""size"":""0x2c"",""symbol"":""__sinit_02074fb8""},{""address"":""0x02074fe4"",""blockers"":[],""causes"":[""global-object-construction"",""destructor-registration"",""dynamic-global-data""],""classification"":""medium"",""evidence"":[""constructor/destructor class maps to main:19""],""size"":""0x38"",""symbol"":""__sinit_02074fe4""},{""address"":""0x0207501c"",""blockers"":[""module TU map is under-segmented; consumer ownership is only medium confidence""],""causes"":[""global-object-construction"",""destructor-registration"",""dynamic-global-data""],""classification"":""medium"",""evidence"":[""1 of 1 ownership global(s) map through consumers to main:19"",""constructor/destructor class maps to main:19""],""size"":""0x38"",""symbol"":""__sinit_0207501c""},{""address"":""0x020750b8"",""blockers"":[],""causes"":[""destructor-registration"",""dynamic-global-data""],""classification"":""medium"",""evidence"":[""constructor/destructor class maps to main:19""],""size"":""0x34"",""symbol"":""__sinit_020750b8""},{""address"":""0x0207511c"",""blockers"":[],""causes"":[""destructor-registration"",""dynamic-global-data""],""classification"":""medium"",""evidence"":[""constructor/destructor class maps to main:19""],""size"":""0x34"",""symbol"":""__sinit_0207511c""},{""address"":""0x02075154"",""blockers"":[""module TU map is under-segmented; consumer ownership is only medium confidence""],""causes"":[""dynamic-global-data""],""classification"":""medium"",""evidence"":[""5 of 5 ownership global(s) map through consumers to main:19""],""size"":""0xdc"",""symbol"":""__sinit_02075154""}]"	directional global/consumer ownership from tools/sinit_owners.py; .init address adjacency is not used	0x02023624	0x00000064	1	"[{""actor_id"":0,""overlay"":""arm9"",""profile_address"":""0x020914a8"",""profile_id"":""BOOT""}]"	dScBoot_c_classInit	src/d_s_boot.c	dScBoot_c_classInit	new_plus_inlined_ctor	operator new size is exact and the most-derived RTTI vtable is stored in the factory		1		unique_class_factory	0x020914a8	g_profile_BOOT	g_profile_BOOT	base_profile_0x08	0	True	0	2		unlocated: no separate group-flags field is read from this descriptor by the recovered fBase_c/dActor_c constructors						0x00000058	0x00000058	0x02091528	_ZTV9dScBoot_c	949	False	0	+0x20	+0x80	profile < rtti_name < rtti < vtable	d_s_boot.cpp		"[""d_actor.cpp"",""d_base.cpp"",""d_bg_ch.cpp"",""d_bg_ch_actr.cpp"",""d_bg_ch_gnd.cpp"",""d_bg_ch_lin.cpp"",""d_bg_ch_sph_crr.cpp"",""d_bg_pi.cpp"",""d_bg_w.cpp"",""d_bg_w_kc.cpp"",""d_bg_w_kc_mbg.cpp"",""d_bg_w_kc_mbg_scl_y.cpp"",""d_camera.cpp"",""d_cap_enemy.cpp"",""d_cc.cpp"",""d_cc_ac.cpp"",""d_cc_ac_pos.cpp"",""d_cc_pos.cpp"",""d_clipper.cpp"",""d_ext_anm2_model.cpp"",""d_ext_anm_material.cpp"",""d_ext_anm_model.cpp"",""d_ext_anm_tex_pat.cpp"",""d_ext_anm_tex_srt.cpp"",""d_ext_blend_anm_model.cpp"",""d_ext_common_model.cpp"",""d_ext_frame_ctrl.cpp"",""d_ext_model.cpp"",""d_ext_shadow_model.cpp"",""d_ext_simple_model.cpp"",""d_fader.cpp"",""d_fd_brightness.cpp"",""d_fd_color.cpp"",""d_fd_dummy.cpp"",""d_fd_wipe.cpp"",""d_m3d_g_sph.cpp"",""d_s_boot.cpp"",""d_s_mb.cpp"",""d_s_stage.cpp"",""d_scene.cpp"",""d_view.cpp"",""d_wipe.cpp"",""f_base.cpp"",""m_heap.cpp""]"	one recovered TU carries multiple distinct RTTI-derived filename stems	RTTI yields a mechanical class-family candidate, but recovered TU evidence does not select one filename; later EAD convention remains lineage-only	B+	B+		main TU map is under-segmented; filename lacks TU-order corroboration; one recovered TU carries multiple distinct RTTI-derived filename stems; no probable filename selected	base process; scene/process side of the shared registry
3	STAGE	symbols/actor_debug_names.tsv (literal ROM string table)	0x0208f708	dScStage_c	SM64DS RTTI arm9:0x02092158	0x02092158	0x02092170	dScStage_c -> dScene_c -> dBase_c -> fBase_c	arm9	1	unique_registry_context	"[{""current_factory_name"":""dScStage_c_classInit"",""current_profile_name"":""g_profile_STAGE"",""factory_address"":""0x0202e088"",""factory_module"":""arm9"",""overlay"":""arm9"",""profile_address"":""0x0209213c""}]"	0x20049f0	0x20707a4	medium	medium	"[""Animation"",""BlendModelAnim"",""BootScene"",""CLPS_BlockRef"",""CP15"",""Camera"",""Clipper"",""CommonModel"",""Event"",""ExpandingHeap"",""ExpandingHeapAllocator"",""Fader"",""FaderBrightness"",""FaderColor"",""FaderWipe"",""Fog"",""G2"",""G2S"",""G2x"",""G3X"",""G3i"",""GX"",""GXS"",""Heap"",""HeapAllocator"",""IRQ"",""MaterialChanger"",""Memory"",""MemoryNode"",""Message"",""Model"",""ModelAnim"",""ModelAnim2"",""ModelBase"",""ModelComponents"",""NestedHeapIterator"",""OAM"",""Particle"",""PathPtr"",""SaveData"",""ShadowModel"",""SharedFilePtr"",""SolidHeap"",""SolidHeapAllocator"",""Sound"",""Stage"",""SurfaceInfo"",""TextureSequence"",""TextureTransformer"",""Timer"",""Vector3"",""Vector3s"",""View"",""cstd"",""dActor_c"",""dBase_c"",""dBgCh"",""dBgCh_Actr"",""dBgCh_Gnd"",""dBgCh_Lin"",""dBgCh_SphCrr"",""dBgPc"",""dBgPi"",""dBgW"",""dBgW_Kc"",""dBgW_KcMbg"",""dBgW_KcMbgSclY"",""dCapEnemy_c"",""dCcAcPos_c"",""dCcAc_c"",""dCcPos_c"",""dCc_c"",""dFdDummy_c"",""dGraph_c"",""dM3dGSph"",""dPa_c"",""dScMB_c"",""dScene_c"",""dWipe_c"",""fBase_c"",""fLiNdBaPr_c"",""fLiNdBa_c""]"	"[""BOOT"",""STAGE""]"	"[{""address"":""0x02073a24"",""blockers"":[""module TU map is under-segmented; consumer ownership is only medium confidence""],""causes"":[""dynamic-global-data""],""classification"":""medium"",""evidence"":[""19 of 19 ownership global(s) map through consumers to main:19""],""size"":""0x448"",""symbol"":""__sinit_02073a24""},{""address"":""0x02073e6c"",""blockers"":[""module TU map is under-segmented; consumer ownership is only medium confidence""],""causes"":[""destructor-registration"",""dynamic-global-data""],""classification"":""medium"",""evidence"":[""6 of 39 ownership global(s) map through consumers to main:19"",""33 ownership global(s) have no recovered source consumer"",""constructor/destructor class maps to main:19""],""size"":""0xf24"",""symbol"":""__sinit_02073e6c""},{""address"":""0x02074d90"",""blockers"":[""module TU map is under-segmented; consumer ownership is only medium confidence""],""causes"":[""dynamic-global-data""],""classification"":""medium"",""evidence"":[""1 of 1 ownership global(s) map through consumers to main:19""],""size"":""0x18"",""symbol"":""__sinit_02074d90""},{""address"":""0x02074da8"",""blockers"":[""module TU map is under-segmented; consumer edge is non-directional; consumer ownership is only medium confidence""],""causes"":[""dynamic-global-data""],""classification"":""medium"",""evidence"":[""1 of 1 ownership global(s) map through consumers to main:19"",""no directional write/construct/register target was recovered; consumer mapping falls back to all referenced globals""],""size"":""0x14"",""symbol"":""__sinit_02074da8""},{""address"":""0x02074dc4"",""blockers"":[""module TU map is under-segmented; consumer edge is non-directional; consumer ownership is only medium confidence""],""causes"":[""destructor-registration"",""dynamic-global-data""],""classification"":""medium"",""evidence"":[""2 of 3 ownership global(s) map through consumers to main:19"",""1 ownership global(s) have no recovered source consumer"",""no directional write/construct/register target was recovered; consumer mapping falls back to all referenced globals""],""size"":""0x48"",""symbol"":""__sinit_02074dc4""},{""address"":""0x02074e0c"",""blockers"":[""module TU map is under-segmented; consumer ownership is only medium confidence""],""causes"":[""destructor-registration"",""dynamic-global-data""],""classification"":""medium"",""evidence"":[""1 of 1 ownership global(s) map through consumers to main:19""],""size"":""0x38"",""symbol"":""__sinit_02074e0c""},{""address"":""0x02074e44"",""blockers"":[""module TU map is under-segmented; consumer edge is non-directional; consumer ownership is only medium confidence""],""causes"":[""destructor-registration"",""dynamic-global-data""],""classification"":""medium"",""evidence"":[""1 of 2 ownership global(s) map through consumers to main:19"",""1 ownership global(s) have no recovered source consumer"",""no directional write/construct/register target was recovered; consumer mapping falls back to all referenced globals""],""size"":""0x3c"",""symbol"":""__sinit_02074e44""},{""address"":""0x02074e84"",""blockers"":[""module TU map is under-segmented; consumer ownership is only medium confidence""],""causes"":[""global-object-construction"",""destructor-registration"",""dynamic-global-data""],""classification"":""medium"",""evidence"":[""2 of 2 ownership global(s) map through consumers to main:19"",""constructor/destructor class maps to main:19""],""size"":""0x58"",""symbol"":""__sinit_02074e84""},{""address"":""0x02074edc"",""blockers"":[""module TU map is under-segmented; consumer ownership is only medium confidence""],""causes"":[""destructor-registration"",""dynamic-global-data""],""classification"":""medium"",""evidence"":[""2 of 2 ownership global(s) map through consumers to main:19"",""constructor/destructor class maps to main:19""],""size"":""0xa4"",""symbol"":""__sinit_02074edc""},{""address"":""0x02074f80"",""blockers"":[""module TU map is under-segmented; consumer ownership is only medium confidence""],""causes"":[""destructor-registration"",""dynamic-global-data""],""classification"":""medium"",""evidence"":[""1 of 1 ownership global(s) map through consumers to main:19"",""constructor/destructor class maps to main:19""],""size"":""0x38"",""symbol"":""__sinit_02074f80""},{""address"":""0x02074fb8"",""blockers"":[""module TU map is under-segmented; consumer ownership is only medium confidence""],""causes"":[""dynamic-global-data""],""classification"":""medium"",""evidence"":[""1 of 1 ownership global(s) map through consumers to main:19""],""size"":""0x2c"",""symbol"":""__sinit_02074fb8""},{""address"":""0x02074fe4"",""blockers"":[],""causes"":[""global-object-construction"",""destructor-registration"",""dynamic-global-data""],""classification"":""medium"",""evidence"":[""constructor/destructor class maps to main:19""],""size"":""0x38"",""symbol"":""__sinit_02074fe4""},{""address"":""0x0207501c"",""blockers"":[""module TU map is under-segmented; consumer ownership is only medium confidence""],""causes"":[""global-object-construction"",""destructor-registration"",""dynamic-global-data""],""classification"":""medium"",""evidence"":[""1 of 1 ownership global(s) map through consumers to main:19"",""constructor/destructor class maps to main:19""],""size"":""0x38"",""symbol"":""__sinit_0207501c""},{""address"":""0x020750b8"",""blockers"":[],""causes"":[""destructor-registration"",""dynamic-global-data""],""classification"":""medium"",""evidence"":[""constructor/destructor class maps to main:19""],""size"":""0x34"",""symbol"":""__sinit_020750b8""},{""address"":""0x0207511c"",""blockers"":[],""causes"":[""destructor-registration"",""dynamic-global-data""],""classification"":""medium"",""evidence"":[""constructor/destructor class maps to main:19""],""size"":""0x34"",""symbol"":""__sinit_0207511c""},{""address"":""0x02075154"",""blockers"":[""module TU map is under-segmented; consumer ownership is only medium confidence""],""causes"":[""dynamic-global-data""],""classification"":""medium"",""evidence"":[""5 of 5 ownership global(s) map through consumers to main:19""],""size"":""0xdc"",""symbol"":""__sinit_02075154""}]"	directional global/consumer ownership from tools/sinit_owners.py; .init address adjacency is not used	0x0202e088	0x00000090	1	"[{""actor_id"":3,""overlay"":""arm9"",""profile_address"":""0x0209213c"",""profile_id"":""STAGE""}]"	dScStage_c_classInit	src/d_s_stage.cpp	dScStage_c_classInit	new_plus_inlined_ctor	operator new size is exact and the most-derived RTTI vtable is stored in the factory		1		unique_class_factory	0x0209213c	g_profile_STAGE	g_profile_STAGE	base_profile_0x08	3	True	3	6		unlocated: no separate group-flags field is read from this descriptor by the recovered fBase_c/dActor_c constructors						0x000009c8	0x000009c8	0x020921c0	_ZTV10dScStage_c	1072	False	0	+0x1c	+0x84	profile < rtti < rtti_name < vtable	d_s_stage.cpp		"[""d_actor.cpp"",""d_base.cpp"",""d_bg_ch.cpp"",""d_bg_ch_actr.cpp"",""d_bg_ch_gnd.cpp"",""d_bg_ch_lin.cpp"",""d_bg_ch_sph_crr.cpp"",""d_bg_pi.cpp"",""d_bg_w.cpp"",""d_bg_w_kc.cpp"",""d_bg_w_kc_mbg.cpp"",""d_bg_w_kc_mbg_scl_y.cpp"",""d_camera.cpp"",""d_cap_enemy.cpp"",""d_cc.cpp"",""d_cc_ac.cpp"",""d_cc_ac_pos.cpp"",""d_cc_pos.cpp"",""d_clipper.cpp"",""d_ext_anm2_model.cpp"",""d_ext_anm_material.cpp"",""d_ext_anm_model.cpp"",""d_ext_anm_tex_pat.cpp"",""d_ext_anm_tex_srt.cpp"",""d_ext_blend_anm_model.cpp"",""d_ext_common_model.cpp"",""d_ext_frame_ctrl.cpp"",""d_ext_model.cpp"",""d_ext_shadow_model.cpp"",""d_ext_simple_model.cpp"",""d_fader.cpp"",""d_fd_brightness.cpp"",""d_fd_color.cpp"",""d_fd_dummy.cpp"",""d_fd_wipe.cpp"",""d_m3d_g_sph.cpp"",""d_s_boot.cpp"",""d_s_mb.cpp"",""d_s_stage.cpp"",""d_scene.cpp"",""d_view.cpp"",""d_wipe.cpp"",""f_base.cpp"",""m_heap.cpp""]"	one recovered TU carries multiple distinct RTTI-derived filename stems	RTTI yields a mechanical class-family candidate, but recovered TU evidence does not select one filename; later EAD convention remains lineage-only	B+	B+		main TU map is under-segmented; filename lacks TU-order corroboration; one recovered TU carries multiple distinct RTTI-derived filename stems; no probable filename selected	normal stage scene; scene/process side of the registry
5	MINIGAME	symbols/actor_debug_names.tsv (literal ROM string table)	0x0208fabc	dScMiniGm_c	SM64DS RTTI ov005:0x020c2448	0x020c2448	0x020c2454	dScMiniGm_c -> dScene_c -> dBase_c -> fBase_c	ov005	1	unique_registry_context	"[{""current_factory_name"":""dScMiniGm_c_classInit"",""current_profile_name"":""g_profile_MINIGAME"",""factory_address"":""0x020c21ec"",""factory_module"":""ov005"",""overlay"":""ov005"",""profile_address"":""0x020c2440""}]"	0x20c21ec	0x20c2250	medium		[]	"[""MINIGAME""]"	[]	no initializer assigned by tools/sinit_owners.py; absence is not proof	0x020c21ec	0x00000064	1	"[{""actor_id"":5,""overlay"":""ov005"",""profile_address"":""0x020c2440"",""profile_id"":""MINIGAME""}]"	dScMiniGm_c_classInit	src/d_s_mini_gm.c	dScMiniGm_c_classInit	new_plus_inlined_ctor	operator new size is exact and the most-derived RTTI vtable is stored in the factory		1		unique_class_factory	0x020c2440	g_profile_MINIGAME	g_profile_MINIGAME	base_profile_0x08	5	True	5	8		unlocated: no separate group-flags field is read from this descriptor by the recovered fBase_c/dActor_c constructors						0x000000b0	0x000000b0	0x020c2490	_ZTV11dScMiniGm_c	1	True	0	+0x8	+0x50	profile < rtti < rtti_name < vtable	d_s_mini_gm.cpp	d_s_mini_gm.cpp	[]		RTTI class-family stem from tools/tu_names.py + recovered text TU from tools/tu_map.py + later EAD d_a/d_s path convention; no SM64DS __FILE__ proof	B+	B+	B-		minigame root scene/process; tracked overlay gloss is stale
14	CANNON_SHUTTER	symbols/actor_debug_names.tsv (literal ROM string table)	0x02090678	daObjCannonShutter_c	SM64DS RTTI ov002:0x02109cf0	0x02109cf0	0x02109cfc	daObjCannonShutter_c -> dBgActor_c -> dActor_c -> dBase_c -> fBase_c	ov002	1	unique_registry_context	"[{""current_factory_name"":""daObjCannonShutter_c_classInit"",""current_profile_name"":""g_profile_CANNON_SHUTTER"",""factory_address"":""0x020bcccc"",""factory_module"":""ov002"",""overlay"":""ov002"",""profile_address"":""0x02109d14""}]"	0x20bcccc	0x20bd828	medium	medium	[]	"[""CANNON_SHUTTER""]"	[]	no initializer assigned by tools/sinit_owners.py; absence is not proof	0x020bcccc	0x00000030	1	"[{""actor_id"":14,""overlay"":""ov002"",""profile_address"":""0x02109d14"",""profile_id"":""CANNON_SHUTTER""}]"	daObjCannonShutter_c_classInit	src/actors/daObjCannonShutter_c.cpp	daObjCannonShutter_c_classInit	new_plus_inlined_ctor	operator new size is exact and the most-derived RTTI vtable is stored in the factory		1		unique_class_factory	0x02109d14	g_profile_CANNON_SHUTTER	g_profile_CANNON_SHUTTER	actor_profile_0x1c	14	True	14	158		unlocated: no separate group-flags field is read from this descriptor by the recovered fBase_c/dActor_c constructors	0x00800002	0x00000000	0x00100000	0x01000000	0x00000000	0x00000330	0x00000330	0x02109d38	_ZTV20daObjCannonShutter_c	1	False	0	-0x24	+0x24	rtti < rtti_name < profile < vtable	d_a_obj_cannon_shutter.cpp	d_a_obj_cannon_shutter.cpp	[]		RTTI class-family stem from tools/tu_names.py + recovered text TU from tools/tu_map.py + later EAD d_a/d_s path convention; no SM64DS __FILE__ proof	B+	B+	B-		object actor with migrated readable C++
36	C1_TRAP	symbols/actor_debug_names.tsv (literal ROM string table)	0x0208f958	daObjC1_Trap_c	SM64DS RTTI ov010:0x02112aa0	0x02112aa0	0x02112aac	daObjC1_Trap_c -> dBgActor_c -> dActor_c -> dBase_c -> fBase_c	ov010	2	resolved_by_rtti_name_correspondence	"[{""current_factory_name"":""daObjC1_Trap_c_classInit"",""current_profile_name"":""g_profile_C1_TRAP"",""factory_address"":""0x02111998"",""factory_module"":""ov010"",""overlay"":""ov010"",""profile_address"":""0x02112ac0""},{""current_factory_name"":""daObjCtMecha10_c_classInit_CT_MECHA12L"",""current_profile_name"":""g_profile_CT_MECHA12L"",""factory_address"":""0x0211168c"",""factory_module"":""ov035"",""overlay"":""ov035"",""profile_address"":""0x02112ac0""}]"	0x2111998	0x21119d0	medium	medium	[]	"[""C1_TRAP""]"	[]	no initializer assigned by tools/sinit_owners.py; absence is not proof	0x02111998	0x00000038	2	"[{""actor_id"":36,""overlay"":""ov010"",""profile_address"":""0x02112ac0"",""profile_id"":""C1_TRAP""},{""actor_id"":121,""overlay"":""ov010"",""profile_address"":""0x02112ac0"",""profile_id"":""CT_MECHA12L""}]"	daObjC1_Trap_c_classInit	src/actors/daObjC1_Trap_c.cpp	daObjC1_Trap_c_classInit	new_plus_inlined_ctor	operator new size is exact and the most-derived RTTI vtable is stored in the factory		1		unique_class_factory	0x02112ac0	g_profile_C1_TRAP	g_profile_C1_TRAP	actor_profile_0x1c	36	True	36	323		unlocated: no separate group-flags field is read from this descriptor by the recovered fBase_c/dActor_c constructors	0x00000000	0x00000000	0x001f4000	0x00000000	0x00000000	0x000003b0		0x02112ae4	_ZTV14daObjC1_Trap_c	1	True	0	-0x20	+0x24	rtti < rtti_name < profile < vtable	d_a_obj_c1_trap.cpp	d_a_obj_c1_trap.cpp	[]		RTTI class-family stem from tools/tu_names.py + recovered text TU from tools/tu_map.py + later EAD d_a/d_s path convention; no SM64DS __FILE__ proof	B+	B	B-	numeric registry pointer has multiple valid overlay-local interpretations; community actor gloss=TRAP	true overlay-multiplexed registry pointer; paired with CT_MECHA12L
177	STAR_CAMERA	symbols/actor_debug_names.tsv (literal ROM string table)	0x020901f4						ov002	1	unique_registry_context	"[{""current_factory_name"":""StarCamera_Spawn"",""current_profile_name"":""g_profile_STAR_CAMERA"",""factory_address"":""0x020ebe5c"",""factory_module"":""ov002"",""overlay"":""ov002"",""profile_address"":""0x0210aa94""}]"	0x20ebe5c	0x20ebe8c	high	medium	"[""StarCamera""]"	"[""STAR_CAMERA""]"	[]	no initializer assigned by tools/sinit_owners.py; absence is not proof	0x020ebe5c	0x00000030	1	"[{""actor_id"":177,""overlay"":""ov002"",""profile_address"":""0x0210aa94"",""profile_id"":""STAR_CAMERA""}]"	StarCamera_Spawn	src/StarCamera_Spawn.cpp		uncertain	allocation is exact, but the called base constructor leaves the dActor_c vtable installed; no most-derived RTTI identity survives	arm9:_ZN8dActor_cC1Ev	1			0x0210aa94	g_profile_STAR_CAMERA	g_profile_STAR_CAMERA	actor_profile_0x1c	177	True	177	63		unlocated: no separate group-flags field is read from this descriptor by the recovered fBase_c/dActor_c constructors	0x00000000	0x00000000	0x000c8000	0x00000000	0x00000000	0x000000d4	0x000000d0	0x0208e3a4		1	True	0		-0x7c6f0	vtable < profile			[]			C	B+		most-derived class has no independently installed vtable; class name left blank; header size assertion differs from ROM allocation size	base-vtable-only factory exception; class identity unresolved
191	PLAYER	symbols/actor_debug_names.tsv (literal ROM string table)	0x0208f858	daPly_c	SM64DS RTTI ov002:0x0210a56c	0x0210a56c	0x0210a554	daPly_c -> dActor_c -> dBase_c -> fBase_c	ov002	1	unique_registry_context	"[{""current_factory_name"":""daPly_c_classInit"",""current_profile_name"":""g_profile_PLAYER"",""factory_address"":""0x020e6c0c"",""factory_module"":""ov002"",""overlay"":""ov002"",""profile_address"":""0x0210a704""}]"	0x20e6a08	0x20e6c40	medium	medium	[]	"[""PLAYER""]"	[]	no initializer assigned by tools/sinit_owners.py; absence is not proof	0x020e6c0c	0x00000034	1	"[{""actor_id"":191,""overlay"":""ov002"",""profile_address"":""0x0210a704"",""profile_id"":""PLAYER""}]"	daPly_c_classInit	src/d_a_ply.cpp	daPly_c_classInit	new_plus_ctor_call	operator new size is exact; final vptr recovered through ov002:_ZN6PlayerC1Ev	ov002:_ZN6PlayerC1Ev	1		unique_class_factory	0x0210a704	g_profile_PLAYER	g_profile_PLAYER	actor_profile_0x1c	191	True	191	18		unlocated: no separate group-flags field is read from this descriptor by the recovered fBase_c/dActor_c constructors	0x00000002	0x000fa000	0x000fa000	0x02ee0000	0x02ee0000	0x00000768	0x00000768	0x0210a83c	_ZTV7daPly_c	7	True	0	-0x198	+0x138	rtti_name < rtti < profile < vtable	d_a_ply.cpp	d_a_ply.cpp	[]		RTTI class-family stem from tools/tu_names.py + recovered text TU from tools/tu_map.py + later EAD d_a/d_s path convention; no SM64DS __FILE__ proof	B+	B+	B-		factory delegates construction to a standalone constructor
197	WATERFALL	symbols/actor_debug_names.tsv (literal ROM string table)	0x0208fd08	daObjWaterfall_c	SM64DS RTTI ov002:0x0210945c	0x0210945c	0x02109468	daObjWaterfall_c -> dActor_c -> dBase_c -> fBase_c	ov002	1	unique_registry_context	"[{""current_factory_name"":""daObjWaterfall_c_classInit"",""current_profile_name"":""g_profile_WATERFALL"",""factory_address"":""0x020b6ee8"",""factory_module"":""ov002"",""overlay"":""ov002"",""profile_address"":""0x0210947c""}]"	0x20b6ee8	0x20b6f18	medium	medium	[]	"[""WATERFALL""]"	[]	no initializer assigned by tools/sinit_owners.py; absence is not proof	0x020b6ee8	0x00000030	1	"[{""actor_id"":197,""overlay"":""ov002"",""profile_address"":""0x0210947c"",""profile_id"":""WATERFALL""}]"	daObjWaterfall_c_classInit	src/game/actors/d_a_obj_waterfall.cpp	daObjWaterfall_c_classInit	new_plus_inlined_ctor	operator new size is exact and the most-derived RTTI vtable is stored in the factory		1		unique_class_factory	0x0210947c	g_profile_WATERFALL	g_profile_WATERFALL	actor_profile_0x1c	197	True	197	21		unlocated: no separate group-flags field is read from this descriptor by the recovered fBase_c/dActor_c constructors	0x00800003	0x00060000	0x00300000	0x02000000	0x00000000	0x000000dc	0x000000dc	0x021094a0	_ZTV16daObjWaterfall_c	1	True	0	-0x20	+0x24	rtti < rtti_name < profile < vtable	d_a_obj_waterfall.cpp	d_a_obj_waterfall.cpp	[]		RTTI class-family stem from tools/tu_names.py + recovered text TU from tools/tu_map.py + later EAD d_a/d_s path convention; no SM64DS __FILE__ proof	B+	B+	B-	community actor gloss=WATERFALL_MIST	canonical WATERFALL worked example
200	KURIBO	symbols/actor_debug_names.tsv (literal ROM string table)	0x0208f7d8	daKrb_c	SM64DS RTTI ov084:0x021308e0	0x021308e0	0x021308d4	daKrb_c -> dCapEnemy_c -> dEnemyBase_c -> dActor_c -> dBase_c -> fBase_c	ov084	1	unique_registry_context	"[{""current_factory_name"":""daKrb_c_classInit_KURIBO"",""current_profile_name"":""g_profile_KURIBO"",""factory_address"":""0x0212c0b0"",""factory_module"":""ov084"",""overlay"":""ov084"",""profile_address"":""0x021308ec""}]"	0x212bff8	0x212c10c	medium	medium	[]	"[""KURIBO""]"	[]	no initializer assigned by tools/sinit_owners.py; absence is not proof	0x0212c0b0	0x0000005c	1	"[{""actor_id"":200,""overlay"":""ov084"",""profile_address"":""0x021308ec"",""profile_id"":""KURIBO""}]"	daKrb_c_classInit_KURIBO	src/d_a_krb_kuribo.c	daKrb_c_classInit_KURIBO	new_plus_inlined_ctor	operator new size is exact and the most-derived RTTI vtable is stored in the factory		3	ov084:0x0212bff8;ov084:0x0212c054;ov084:0x0212c0b0	disambiguated_by_profile_id	0x021308ec	g_profile_KURIBO	g_profile_KURIBO	actor_profile_0x1c	200	True	200	24		unlocated: no separate group-flags field is read from this descriptor by the recovered fBase_c/dActor_c constructors	0x10000006	0x00032000	0x00046000	0x01000000	0x01000000	0x00000478	0x00000478	0x02130948	_ZTV7daKrb_c	3	True	0	-0xc	+0x5c	rtti_name < rtti < profile < vtable	d_a_krb.cpp	d_a_krb.cpp	[]		RTTI class-family stem from tools/tu_names.py + recovered text TU from tools/tu_map.py + later EAD d_a/d_s path convention; no SM64DS __FILE__ proof	B	B+	B-	multiple factory addresses would collide on one global <Class>_classInit spelling; disambiguated by ROM profile id; community actor gloss=GOOMBA	ordinary enemy with ROM RTTI name unlike English gloss
209	TERESA	symbols/actor_debug_names.tsv (literal ROM string table)	0x0208f7a8	daTrs_c	SM64DS RTTI ov063:0x0211e738	0x0211e738	0x0211e720	daTrs_c -> dCapEnemy_c -> dEnemyBase_c -> dActor_c -> dBase_c -> fBase_c	ov063	1	unique_registry_context	"[{""current_factory_name"":""daTrs_c_classInit_TERESA"",""current_profile_name"":""g_profile_TERESA"",""factory_address"":""0x0211c590"",""factory_module"":""ov063"",""overlay"":""ov063"",""profile_address"":""0x0211e770""}]"	0x211c4a0	0x211c600	medium	medium	[]	"[""TERESA"",""BOSS_TERESA""]"	[]	no initializer assigned by tools/sinit_owners.py; absence is not proof	0x0211c590	0x00000070	1	"[{""actor_id"":209,""overlay"":""ov063"",""profile_address"":""0x0211e770"",""profile_id"":""TERESA""}]"	daTrs_c_classInit_TERESA	src/actors/daTrs_c/d_a_trs_teresa.cpp	daTrs_c_classInit_TERESA	new_plus_inlined_ctor	operator new size is exact and the most-derived RTTI vtable is stored in the factory		2	ov063:0x0211c520;ov063:0x0211c590	disambiguated_by_profile_id	0x0211e770	g_profile_TERESA	g_profile_TERESA	actor_profile_0x1c	209	True	209	49		unlocated: no separate group-flags field is read from this descriptor by the recovered fBase_c/dActor_c constructors	0x00000006	0x00064000	0x00064000	0x01000000	0x00a00000	0x000005e0	0x000005e0	0x0211e828	_ZTV7daTrs_c	4	True	0	-0x38	+0xb8	rtti_name < rtti < profile < vtable	d_a_trs.cpp	d_a_trs.cpp	[]		RTTI class-family stem from tools/tu_names.py + recovered text TU from tools/tu_map.py + later EAD d_a/d_s path convention; no SM64DS __FILE__ proof	B	B+	B-	multiple factory addresses would collide on one global <Class>_classInit spelling; disambiguated by ROM profile id; community actor gloss=BOO	first of two profiles constructing daTrs_c
210	BOSS_TERESA	symbols/actor_debug_names.tsv (literal ROM string table)	0x02090284	daTrs_c	SM64DS RTTI ov063:0x0211e738	0x0211e738	0x0211e720	daTrs_c -> dCapEnemy_c -> dEnemyBase_c -> dActor_c -> dBase_c -> fBase_c	ov063	1	unique_registry_context	"[{""current_factory_name"":""daTrs_c_classInit_BOSS_TERESA"",""current_profile_name"":""g_profile_BOSS_TERESA"",""factory_address"":""0x0211c520"",""factory_module"":""ov063"",""overlay"":""ov063"",""profile_address"":""0x0211e78c""}]"	0x211c4a0	0x211c600	medium	medium	[]	"[""TERESA"",""BOSS_TERESA""]"	[]	no initializer assigned by tools/sinit_owners.py; absence is not proof	0x0211c520	0x00000070	1	"[{""actor_id"":210,""overlay"":""ov063"",""profile_address"":""0x0211e78c"",""profile_id"":""BOSS_TERESA""}]"	daTrs_c_classInit_BOSS_TERESA	src/actors/BigBoo/d_a_trs_boss_teresa.cpp	daTrs_c_classInit_BOSS_TERESA	new_plus_inlined_ctor	operator new size is exact and the most-derived RTTI vtable is stored in the factory		2	ov063:0x0211c520;ov063:0x0211c590	disambiguated_by_profile_id	0x0211e78c	g_profile_BOSS_TERESA	g_profile_BOSS_TERESA	actor_profile_0x1c	210	True	210	50		unlocated: no separate group-flags field is read from this descriptor by the recovered fBase_c/dActor_c constructors	0x00000006	0x000c8000	0x000c8000	0x01000000	0x00a00000	0x000005e0	0x000005e0	0x0211e828	_ZTV7daTrs_c	3	False	0	-0x54	+0x9c	rtti_name < rtti < profile < vtable	d_a_trs.cpp	d_a_trs.cpp	[]		RTTI class-family stem from tools/tu_names.py + recovered text TU from tools/tu_map.py + later EAD d_a/d_s path convention; no SM64DS __FILE__ proof	B	B+	B-	multiple factory addresses would collide on one global <Class>_classInit spelling; disambiguated by ROM profile id; community actor gloss=BIG_BOO	second daTrs_c profile; tests classInit name collision
219	WANWAN	symbols/actor_debug_names.tsv (literal ROM string table)	0x0208f810	daWanwan_c	SM64DS RTTI ov014:0x02114718	0x02114718	0x02114740	daWanwan_c -> dEnemyBase_c -> dActor_c -> dBase_c -> fBase_c	ov014	1	unique_registry_context	"[{""current_factory_name"":""daWanwan_c_classInit"",""current_profile_name"":""g_profile_WANWAN"",""factory_address"":""0x02112d1c"",""factory_module"":""ov014"",""overlay"":""ov014"",""profile_address"":""0x02114750""}]"	0x2112d1c	0x2112e0c	medium	medium	[]	"[""WANWAN""]"	[]	no initializer assigned by tools/sinit_owners.py; absence is not proof	0x02112d1c	0x000000f0	1	"[{""actor_id"":219,""overlay"":""ov014"",""profile_address"":""0x02114750"",""profile_id"":""WANWAN""}]"	daWanwan_c_classInit	src/game/actors/d_a_wanwan.cpp	daWanwan_c_classInit	new_plus_inlined_ctor	operator new size is exact and the most-derived RTTI vtable is stored in the factory		1		unique_class_factory	0x02114750	g_profile_WANWAN	g_profile_WANWAN	actor_profile_0x1c	219	True	219	67		unlocated: no separate group-flags field is read from this descriptor by the recovered fBase_c/dActor_c constructors	0x10000003	0x00120000	0x00400000	0x01000000	0x01000000	0x00000620	0x00000620	0x021147ec	_ZTV10daWanwan_c	1	True	0	-0x38	+0x9c	rtti < rtti_name < profile < vtable	d_a_wanwan.cpp	d_a_wanwan.cpp	[]		RTTI class-family stem from tools/tu_names.py + recovered text TU from tools/tu_map.py + later EAD d_a/d_s path convention; no SM64DS __FILE__ proof	B+	B+	B-	community actor gloss=CHAIN_CHOMP	enemy/actor with established RTTI and vtable
229	OBJ_MIP_KEY	symbols/actor_debug_names.tsv (literal ROM string table)	0x020902d8	daObj_Mip_Key_c	SM64DS RTTI ov085:0x02130194	0x02130194	0x021301a0	daObj_Mip_Key_c -> dEnemyBase_c -> dActor_c -> dBase_c -> fBase_c	ov085	1	unique_registry_context	"[{""current_factory_name"":""daObj_Mip_Key_c_classInit"",""current_profile_name"":""g_profile_OBJ_MIP_KEY"",""factory_address"":""0x0212d4e8"",""factory_module"":""ov085"",""overlay"":""ov085"",""profile_address"":""0x021301b4""}]"	0x212d4e8	0x212d528	medium	medium	[]	"[""OBJ_MIP_KEY""]"	[]	no initializer assigned by tools/sinit_owners.py; absence is not proof	0x0212d4e8	0x00000040	1	"[{""actor_id"":229,""overlay"":""ov085"",""profile_address"":""0x021301b4"",""profile_id"":""OBJ_MIP_KEY""}]"	daObj_Mip_Key_c_classInit	src/d_a_obj_mip_key.c	daObj_Mip_Key_c_classInit	new_plus_inlined_ctor	operator new size is exact and the most-derived RTTI vtable is stored in the factory		1		unique_class_factory	0x021301b4	g_profile_OBJ_MIP_KEY	g_profile_OBJ_MIP_KEY	actor_profile_0x1c	229	True	229	84		unlocated: no separate group-flags field is read from this descriptor by the recovered fBase_c/dActor_c constructors	0x00000002	0x00064000	0x00064000	0x01000000	0x01000000	0x000001a0	0x000001a0	0x021301d8	_ZTV15daObj_Mip_Key_c	1	True	0	-0x20	+0x24	rtti < rtti_name < profile < vtable	d_a_obj_mip_key.cpp	d_a_obj_mip_key.cpp	[]		RTTI class-family stem from tools/tu_names.py + recovered text TU from tools/tu_map.py + later EAD d_a/d_s path convention; no SM64DS __FILE__ proof	B+	B+	B-	community actor gloss=RABBIT_KEY	required OBJ_MIP_KEY; current community RabbitKey naming
232	PROPELLER_HEYHO	symbols/actor_debug_names.tsv (literal ROM string table)	0x02090748	daPropeller_Heyho_c	SM64DS RTTI ov070:0x02123120	0x02123120	0x0212312c	daPropeller_Heyho_c -> dEnemyBase_c -> dActor_c -> dBase_c -> fBase_c	ov070	1	unique_registry_context	"[{""current_factory_name"":""daPropeller_Heyho_c_classInit"",""current_profile_name"":""g_profile_PROPELLER_HEYHO"",""factory_address"":""0x02120520"",""factory_module"":""ov070"",""overlay"":""ov070"",""profile_address"":""0x02123144""}]"	0x2120520	0x2120570	medium	medium	[]	"[""PROPELLER_HEYHO""]"	[]	no initializer assigned by tools/sinit_owners.py; absence is not proof	0x02120520	0x00000050	1	"[{""actor_id"":232,""overlay"":""ov070"",""profile_address"":""0x02123144"",""profile_id"":""PROPELLER_HEYHO""}]"	daPropeller_Heyho_c_classInit	src/actors/daPropeller_Heyho_c.cpp	daPropeller_Heyho_c_classInit	new_plus_inlined_ctor	operator new size is exact and the most-derived RTTI vtable is stored in the factory		1		unique_class_factory	0x02123144	g_profile_PROPELLER_HEYHO	g_profile_PROPELLER_HEYHO	actor_profile_0x1c	232	True	232	87		unlocated: no separate group-flags field is read from this descriptor by the recovered fBase_c/dActor_c constructors	0x10000003	0x00064000	0x000c8000	0x01000000	0x01000000	0x000003e8	0x000003e8	0x02123168	_ZTV19daPropeller_Heyho_c	1	True	0	-0x24	+0x24	rtti < rtti_name < profile < vtable	d_a_propeller_heyho.cpp	d_a_propeller_heyho.cpp	[]		RTTI class-family stem from tools/tu_names.py + recovered text TU from tools/tu_map.py + later EAD d_a/d_s path convention; no SM64DS __FILE__ proof	B+	B+	B-	community actor gloss=FLY_GUY	enemy with existing migrated C++
319	KINOKO_CREATE_TAG	symbols/actor_debug_names.tsv (literal ROM string table)	0x02090824	daObjKinokoTag_c	SM64DS RTTI ov002:0x02108c94	0x02108c94	0x02108ca0	daObjKinokoTag_c -> dActor_c -> dBase_c -> fBase_c	ov002	1	unique_registry_context	"[{""current_factory_name"":""daObjKinokoTag_c_classInit_KINOKO_CREATE_TAG"",""current_profile_name"":""g_profile_KINOKO_CREATE_TAG"",""factory_address"":""0x020b4a00"",""factory_module"":""ov002"",""overlay"":""ov002"",""profile_address"":""0x02108cd0""}]"	0x20b4a00	0x20b4a70	medium	medium	[]	"[""KINOKO_CREATE_TAG""]"	[]	no initializer assigned by tools/sinit_owners.py; absence is not proof	0x020b4a00	0x00000038	1	"[{""actor_id"":319,""overlay"":""ov002"",""profile_address"":""0x02108cd0"",""profile_id"":""KINOKO_CREATE_TAG""}]"	daObjKinokoTag_c_classInit_KINOKO_CREATE_TAG	src/actors/daObjKinokoTag_c.cpp	daObjKinokoTag_c_classInit_KINOKO_CREATE_TAG	new_plus_inlined_ctor	operator new size is exact and the most-derived RTTI vtable is stored in the factory		2	ov002:0x020b4a00;ov002:0x020b4a38	disambiguated_by_profile_id	0x02108cd0	g_profile_KINOKO_CREATE_TAG	g_profile_KINOKO_CREATE_TAG	actor_profile_0x1c	319	True	319	317		unlocated: no separate group-flags field is read from this descriptor by the recovered fBase_c/dActor_c constructors	0x00000000	0x00000000	0x00000000	0x00000000	0x00000000	0x00000110	0x00000110	0x02108cf4	_ZTV16daObjKinokoTag_c	1	False	0	-0x3c	+0x24	rtti < rtti_name < profile < vtable	d_a_obj_kinoko_tag.cpp	d_a_obj_kinoko_tag.cpp	[]		RTTI class-family stem from tools/tu_names.py + recovered text TU from tools/tu_map.py + later EAD d_a/d_s path convention; no SM64DS __FILE__ proof	B	B+	B-	multiple factory addresses would collide on one global <Class>_classInit spelling; disambiguated by ROM profile id; community actor gloss=MEGA_MUSHROOM_CREATE_TAG	object-tag actor with prior evidence-bounded factory rename
325	SHOOT_BOOK	symbols/actor_debug_names.tsv (literal ROM string table)	0x02090134	daBook_c	SM64DS RTTI ov020:0x02114844	0x02114844	0x0211482c	daBook_c -> dEnemyBase_c -> dActor_c -> dBase_c -> fBase_c	ov020	1	unique_registry_context	"[{""current_factory_name"":""daBook_c_classInit_SHOOT_BOOK"",""current_profile_name"":""g_profile_SHOOT_BOOK"",""factory_address"":""0x021128dc"",""factory_module"":""ov020"",""overlay"":""ov020"",""profile_address"":""0x021148b4""}]"	0x21127f4	0x2112938	medium	medium	[]	"[""SHOOT_BOOK"",""BOOK_GENERATOR""]"	[]	no initializer assigned by tools/sinit_owners.py; absence is not proof	0x021128dc	0x0000005c	1	"[{""actor_id"":325,""overlay"":""ov020"",""profile_address"":""0x021148b4"",""profile_id"":""SHOOT_BOOK""}]"	daBook_c_classInit_SHOOT_BOOK	src/d_a_book_shoot_book.c	daBook_c_classInit_SHOOT_BOOK	new_plus_inlined_ctor	operator new size is exact and the most-derived RTTI vtable is stored in the factory		3	ov020:0x021127f4;ov020:0x02112880;ov020:0x021128dc	disambiguated_by_profile_id	0x021148b4	g_profile_SHOOT_BOOK	g_profile_SHOOT_BOOK	actor_profile_0x1c	325	True	325	327		unlocated: no separate group-flags field is read from this descriptor by the recovered fBase_c/dActor_c constructors	0x00000002	0x00064000	0x00064000	0x01000000	0x01000000	0x00000454	0x00000454	0x0211495c	_ZTV8daBook_c	4	True	0	-0x70	+0xa8	rtti_name < rtti < profile < vtable	d_a_book.cpp	d_a_book.cpp	[]		RTTI class-family stem from tools/tu_names.py + recovered text TU from tools/tu_map.py + later EAD d_a/d_s path convention; no SM64DS __FILE__ proof	B	B+	B-	multiple factory addresses would collide on one global <Class>_classInit spelling; disambiguated by ROM profile id; community actor gloss=BOOK_SHOT	profile in a recovered multi-class, multi-profile TU
328	BOOK_GENERATOR	symbols/actor_debug_names.tsv (literal ROM string table)	0x02090708	daBookGen_c	SM64DS RTTI ov020:0x02114838	0x02114838	0x02114850	daBookGen_c -> dActor_c -> dBase_c -> fBase_c	ov020	1	unique_registry_context	"[{""current_factory_name"":""daBookGen_c_classInit"",""current_profile_name"":""g_profile_BOOK_GENERATOR"",""factory_address"":""0x02112850"",""factory_module"":""ov020"",""overlay"":""ov020"",""profile_address"":""0x0211487c""}]"	0x21127f4	0x2112938	medium	medium	[]	"[""SHOOT_BOOK"",""BOOK_GENERATOR""]"	[]	no initializer assigned by tools/sinit_owners.py; absence is not proof	0x02112850	0x00000030	1	"[{""actor_id"":328,""overlay"":""ov020"",""profile_address"":""0x0211487c"",""profile_id"":""BOOK_GENERATOR""}]"	daBookGen_c_classInit	src/d_a_book_gen.c	daBookGen_c_classInit	new_plus_inlined_ctor	operator new size is exact and the most-derived RTTI vtable is stored in the factory		1		unique_class_factory	0x0211487c	g_profile_BOOK_GENERATOR	g_profile_BOOK_GENERATOR	actor_profile_0x1c	328	True	328	329		unlocated: no separate group-flags field is read from this descriptor by the recovered fBase_c/dActor_c constructors	0x00000001	0x00064000	0x00064000	0x01000000	0x01000000	0x000000d8	0x000000d8	0x021148d8	_ZTV11daBookGen_c	2	False	0	-0x44	+0x5c	rtti < rtti_name < profile < vtable	d_a_book_gen.cpp	d_a_book_gen.cpp	[]		RTTI class-family stem from tools/tu_names.py + recovered text TU from tools/tu_map.py + later EAD d_a/d_s path convention; no SM64DS __FILE__ proof	B+	B+	B-	community actor gloss=BOOK_SHOT_SPAWNER	related profile in the same recovered TU
361	MG_CUP	symbols/actor_debug_names.tsv (literal ROM string table)	0x0208f830	dScMgCup_c	SM64DS RTTI ov006:0x0213c048	0x0213c048	0x0213c054	dScMgCup_c -> dScMgSingle3DBase_c -> dScMgBase_c -> dScene_c -> dBase_c -> fBase_c	ov006	1	unique_registry_context	"[{""current_factory_name"":""dScMgCup_c_classInit"",""current_profile_name"":""g_profile_MG_CUP"",""factory_address"":""0x020e0574"",""factory_module"":""ov006"",""overlay"":""ov006"",""profile_address"":""0x0213c020""}]"	0x20e0574	0x20e0638	medium	medium	[]	"[""MG_CUP""]"	[]	no initializer assigned by tools/sinit_owners.py; absence is not proof	0x020e0574	0x000000c0	1	"[{""actor_id"":361,""overlay"":""ov006"",""profile_address"":""0x0213c020"",""profile_id"":""MG_CUP""}]"	dScMgCup_c_classInit	src/d_s_mg_cup.cpp	dScMgCup_c_classInit	new_plus_inlined_ctor	operator new size is exact and the most-derived RTTI vtable is stored in the factory		1		unique_class_factory	0x0213c020	g_profile_MG_CUP	g_profile_MG_CUP	base_profile_0x08	361	True	361	361		unlocated: no separate group-flags field is read from this descriptor by the recovered fBase_c/dActor_c constructors						0x00005470	0x00005470	0x0213c154	_ZTV10dScMgCup_c	1	False	0	+0x28	+0x134	profile < rtti < rtti_name < vtable	d_s_mg_cup.cpp	d_s_mg_cup.cpp	[]		RTTI class-family stem from tools/tu_names.py + recovered text TU from tools/tu_map.py + later EAD d_a/d_s path convention; no SM64DS __FILE__ proof	B+	B+	B-		minigame scene/process entry
374	MG_CURLING	symbols/actor_debug_names.tsv (literal ROM string table)	0x0209008c	dScMgCurling_c	SM64DS RTTI ov006:0x0213c2c4	0x0213c2c4	0x0213c2d0	dScMgCurling_c -> dScMgBase_c -> dScene_c -> dBase_c -> fBase_c	ov006	1	unique_registry_context	"[{""current_factory_name"":""dScMgCurling_c_classInit"",""current_profile_name"":""g_profile_MG_CURLING"",""factory_address"":""0x020e3820"",""factory_module"":""ov006"",""overlay"":""ov006"",""profile_address"":""0x0213c214""}]"	0x20e3820	0x20e3854	medium	medium	[]	"[""MG_CURLING""]"	[]	no initializer assigned by tools/sinit_owners.py; absence is not proof	0x020e3820	0x00000034	1	"[{""actor_id"":374,""overlay"":""ov006"",""profile_address"":""0x0213c214"",""profile_id"":""MG_CURLING""}]"	dScMgCurling_c_classInit	src/d_s_mg_curling.c	dScMgCurling_c_classInit	new_plus_inlined_ctor	operator new size is exact and the most-derived RTTI vtable is stored in the factory		1		unique_class_factory	0x0213c214	g_profile_MG_CURLING	g_profile_MG_CURLING	base_profile_0x08	374	True	374	374		unlocated: no separate group-flags field is read from this descriptor by the recovered fBase_c/dActor_c constructors						0x00004eec	0x00004eec	0x0213c304	_ZTV14dScMgCurling_c	1	True	0	+0xb0	+0xf0	profile < rtti < rtti_name < vtable	d_s_mg_curling.cpp	d_s_mg_curling.cpp	[]		RTTI class-family stem from tools/tu_names.py + recovered text TU from tools/tu_map.py + later EAD d_a/d_s path convention; no SM64DS __FILE__ proof	B+	B+	B-	community actor gloss=MG_SHUFFLE_SHELL	required MG_CURLING profile/class mismatch
375	MG_CURLING_J	symbols/actor_debug_names.tsv (literal ROM string table)	0x020904d8	dScMgCurling2_c	SM64DS RTTI ov006:0x0213c4bc	0x0213c4bc	0x0213c4c8	dScMgCurling2_c -> dScMgBase_c -> dScene_c -> dBase_c -> fBase_c	ov006	1	unique_registry_context	"[{""current_factory_name"":""dScMgCurling2_c_classInit"",""current_profile_name"":""g_profile_MG_CURLING_J"",""factory_address"":""0x020e6bf4"",""factory_module"":""ov006"",""overlay"":""ov006"",""profile_address"":""0x0213c434""}]"	0x20e6bf4	0x20e6c28	medium	medium	[]	"[""MG_CURLING_J""]"	[]	no initializer assigned by tools/sinit_owners.py; absence is not proof	0x020e6bf4	0x00000034	1	"[{""actor_id"":375,""overlay"":""ov006"",""profile_address"":""0x0213c434"",""profile_id"":""MG_CURLING_J""}]"	dScMgCurling2_c_classInit	src/d_s_mg_curling2.c	dScMgCurling2_c_classInit	new_plus_inlined_ctor	operator new size is exact and the most-derived RTTI vtable is stored in the factory		1		unique_class_factory	0x0213c434	g_profile_MG_CURLING_J	g_profile_MG_CURLING_J	base_profile_0x08	375	True	375	375		unlocated: no separate group-flags field is read from this descriptor by the recovered fBase_c/dActor_c constructors						0x000055c4	0x000055c4	0x0213c510	_ZTV15dScMgCurling2_c	1	True	0	+0x88	+0xdc	profile < rtti < rtti_name < vtable	d_s_mg_curling2.cpp	d_s_mg_curling2.cpp	[]		RTTI class-family stem from tools/tu_names.py + recovered text TU from tools/tu_map.py + later EAD d_a/d_s path convention; no SM64DS __FILE__ proof	B+	B+	B-	community actor gloss=MG_SHELL_SMASH	required MG_CURLING_J; tests same-address false-profile rejection
